lga_name, lga_code, persons_living_crowded_dwellings_2016_pc_in, rental_stress_2016_pc_rental_stress, low_income_households_2016_pc_low_income_households, persons_living_severely_crowded_dwellings_2016_rate_per_10000, mortgage_stress_2016_pc_mortgage_stress
"Albury (C)",10050,3.68324527313218,31.9884287454324,42.7408152512334,5.67660800838391,7.57217226691907
"Armidale Regional (A)",10130,4.91842900302115,33.9727550736725,44.4173661882841,8.0563947633434,8.16932788711474
"Ballina (A)",10250,3.50073313782991,34.5003323731442,44.0273426374252,2.61834939254294,9.95140013885675
"Balranald (A)",10300,7.11814137419674,20.2702702702703,42.9022082018927,0.0,6.73575129533679
"Bathurst Regional (A)",10470,4.04833669772972,32.0498040119899,40.8921933085502,7.18966899870033,7.88934426229508
"Bega Valley (A)",10550,4.30220713073005,35.7681755829904,49.9548830429652,0.0,11.4767473483818
"Bellingen (A)",10600,5.54066902930245,38.0151387720774,52.2368665305365,31.1176419742415,13.0862329803328
"Berrigan (A)",10650,3.71747211895911,24.2547425474255,49.5204165524801,0.0,9.93071593533487
"Blacktown (C)",10750,12.0984931099435,28.6480952971833,37.9031113717848,31.9098840091206,10.6950488063037
"Bland (A)",10800,3.33462582396278,15.8924205378973,45.5099553027225,0.0,7.59717314487632
"Blayney (A)",10850,3.40651021953066,31.1151079136691,44.1114245416079,0.0,7.02702702702703
"Blue Mountains (C)",10900,3.27360489427084,35.3259818146643,36.0148019735965,1.82412617340424,7.60172247121891
"Bogan (A)",10950,4.44832097688618,18.2456140350877,42.0863309352518,0.0,7.72727272727273
"Botany Bay (C)",11100,17.3236208500692,25.1687289088864,36.2459917544663,34.7198583974403,9.77267898874017
"Bourke (A)",11150,8.54700854700855,11.214953271028,33.7444933920705,0.0,5.78947368421053
"Brewarrina (A)",11200,19.4463667820069,15.0,58.6709886547812,124.567474048443,6.52173913043478
"Broken Hill (C)",11250,4.68829194120628,27.7509068923821,51.3310933057638,19.0065889508363,6.97674418604651
"Burwood (A)",11300,21.7490078794502,33.2245563940445,39.4799429205645,108.12676137344,13.8256912845642
"Byron (A)",11350,5.92741935483871,38.7637203928365,41.1214953271028,21.2609970674487,14.1294439380128
"Cabonne (A)",11400,3.64921508999753,26.552179656539,43.0058034820893,3.28758116215994,7.76173285198556
"Camden (A)",11450,3.73619276978756,24.1260860779956,27.7540256522955,6.72703055417278,7.67760433259
"Campbelltown (C)",11500,10.7167285846488,30.4859366382744,41.8379985137478,25.616609219297,13.286463905446
"Canada Bay (A)",11520,10.6959432514411,20.0542925008483,26.9989737575136,17.28075793646,8.67320054800295
"Canterbury-Bankstown (A)",11570,19.3923439727981,38.9933025284253,48.4442957510873,59.1690736475205,17.2145733820362
"Carrathool (A)",11600,3.45545378850958,9.72762645914397,40.954095409541,0.0,8.64864864864865
"Central Coast (C)",11650,4.74754963064044,34.7608157639172,44.2251749351364,4.55958957133297,9.31959461093776
"Central Darling (A)",11700,12.6322751322751,7.35930735930736,52.6104417670683,79.3650793650794,5.66037735849057
"Cessnock (C)",11720,6.91325056298452,35.4716981132075,47.4179314357756,8.96789493612866,9.32906418279726
"Clarence Valley (A)",11730,5.40493342065051,40.281973816717,54.7942689199118,12.0061122025759,12.41768579492
"Cobar (A)",11750,4.94876280929768,12.7272727272727,33.9487179487179,0.0,4.25531914893617
"Coffs Harbour (C)",11800,6.18363709882737,37.1033653846154,47.2419294612852,13.4785017896455,11.0926091968746
"Coolamon (A)",12000,3.41450502911593,17.0940170940171,46.5158924205379,0.0,7.65957446808511
"Coonamble (A)",12150,7.52089136490251,23.5294117647059,47.6932294787298,0.0,8.58085808580858
"Cowra (A)",12350,23.8644947606965,29.8507462686567,52.2757569986669,124.300296345077,10.5143721633888
"Cumberland (A)",12380,5.48028805077505,36.0791676445279,47.4172380741724,19.5288661052118,17.3967006257434
"Dungog (A)",12700,4.4168433807937,33.3980582524272,43.6441893830703,5.45289306270827,9.03861955628595
"Edward River (A)",12730,21.5830813172043,28.2632146709817,44.9317226890756,93.8760080645161,6.49087221095335
"Eurobodalla (A)",12750,2.78847917813245,39.7026431718062,52.3100303951368,0.0,13.5388002201431
"Fairfield (C)",12850,4.10030900879487,44.452387030891,55.3261489911706,0.0,20.9575046847609
"Federation (A)",12870,14.8112314797814,27.9802955665025,49.6966249525976,36.9345065747659,7.67085076708508
"Forbes (A)",12900,4.70995210218201,25.9711431742508,48.0052151238592,0.0,8.41209829867675
"Georges River (A)",12930,4.03787978429567,29.3663366336634,36.7815411337439,6.57635144022097,12.7974020809861
"Gilgandra (A)",12950,4.87786404090134,25.3926701570681,52.7582159624413,7.95303919712176,7.71144278606965
"Glen Innes Severn (A)",13010,4.57342954159593,37.9269729093051,56.8910256410256,0.0,11.542730299667
"Goulburn Mulwaree (A)",13310,8.48192771084337,32.2664924885696,44.5227858985383,41.6210295728368,8.42696629213483
"Greater Hume Shire (A)",13340,2.85083316603092,25.2220248667851,47.6530612244898,0.0,11.3278319579895
"Griffith (C)",13450,3.99568034557235,23.1516056758775,40.4690511886914,20.6983441324694,9.83673469387755
"Cootamundra-Gundagai Regional(A)",13510,3.91684511063526,26.7932489451477,52.233676975945,0.0,7.92838874680307
"Gunnedah (A)",13550,3.83282806409701,28.7790697674419,43.4613812832039,0.0,6.40176600441501
"Gwydir (A)",13660,5.44405920789439,22.6519337016575,53.9532794249775,14.83531137485,12.0
"Hawkesbury (C)",13800,2.06812652068127,29.5177106263758,33.4146666075152,0.0,8.24372759856631
"Hay (A)",13850,3.37125498838525,24.1610738255034,46.403162055336,7.14753707784859,8.71369294605809
"Hilltops (A)",13910,5.77203111394054,32.7761194029851,52.3274266067178,11.561624188674,10.7814045499505
"Hornsby (A)",14000,3.38607854390424,21.8509787844624,26.4517061288525,0.0,7.02534698033331
"Hunters Hill (A)",14100,10.8083868621985,21.7275155832591,22.6658348929091,27.6330141800994,4.82336956521739
"Inner West (A)",14170,5.4823227202055,16.7516436334362,23.6619642472539,17.5758804840127,4.74569381637112
"Inverell (A)",14200,5.06960315811344,33.7155963302752,53.7473556965851,10.3885310617079,11.060433295325
"Junee (A)",14300,7.1669808356896,28.8329519450801,47.5190839694656,10.210493245366,8.99053627760252
"Kempsey (A)",14350,2.76081490224252,38.9558232931727,56.2642561459829,0.0,14.7484493452791
"Kiama (A)",14400,3.58147682834038,28.9835164835165,34.5592668515616,4.15833525029639,5.87262200165426
"Ku-ring-gai (A)",14500,6.4355200798204,15.587603559374,20.8989840421509,9.97755051134946,6.64191419141914
"Kyogle (A)",14550,7.31251168879746,39.943741209564,58.2200564247243,5.61062277912848,15.983606557377
"Lachlan (A)",14600,4.30503243074067,19.1803278688525,48.6529955770004,3.2916392363397,7.49506903353057
"Lake Macquarie (C)",14650,6.20980588825299,34.2739493762868,43.0226393086263,4.42503982535843,8.13023610053313
"Lane Cove (A)",14700,4.49484965144106,12.5240435990596,18.0223959433763,13.5261679325773,4.35076645626691
"Leeton (A)",14750,5.42096241909489,24.1706161137441,43.3601134215501,4.34904960474814,7.3394495412844
"Lismore (C)",14850,5.10394896051039,40.3643546971027,48.5720813342472,4.949950500495,11.7369970559372
"Lithgow (C)",14870,12.8796823572436,37.2068230277185,49.6580503071752,28.1594483046863,8.49137931034483
"Liverpool (C)",14900,4.92574621379209,35.3226850852579,42.3482115901038,0.0,15.5266061274718
"Liverpool Plains (A)",14920,3.57925493060628,24.2424242424242,50.0630119722747,0.0,11.5543328748281
"Lockhart (A)",14950,3.94285478115916,24.4047619047619,47.7977161500816,1.3776571562401,6.95652173913043
"Maitland (C)",15050,4.58450274557657,30.6028014007004,40.686945233835,2.92861500915192,7.74795355035218
"Mid-Coast (A)",15240,3.98087664489255,42.8619566438279,56.8691816479881,1.89340149578718,13.3784545967287
"Mid-Western Regional (A)",15270,7.14412024756852,32.3144104803493,45.2315521628499,57.4712643678161,9.40740740740741
"Moree Plains (A)",15300,3.89480564420008,21.0338680926916,39.6374509437488,6.53619900803568,6.99551569506726
"Mosman (A)",15350,3.07692307692308,12.8720836685438,16.3473710861676,0.0,3.67097212780421
"Murray River (A)",15520,4.18816388467375,22.4400871459695,47.7433717870876,0.0,10.4851330203443
"Murrumbidgee (A)",15560,3.77617576381737,19.4225721784777,42.1259842519685,2.74630964641263,8.52941176470588
"Muswellbrook (A)",15650,5.84975721222508,30.1973382285452,40.1355057267301,10.8540417023708,6.13938053097345
"Nambucca (A)",15700,5.00086820628581,37.9565646594274,58.0142687277051,10.4184754297621,12.9709364908504
"Narrabri (A)",15750,3.48307935879675,24.6724890829694,40.9021406727829,11.8741341777162,7.71535580524345
"Narrandera (A)",15800,5.57319223985891,27.151051625239,48.024948024948,0.0,8.18330605564648
"Narromine (A)",15850,5.51392422710955,31.551724137931,48.1757551981169,8.43470077724722,7.93413173652695
"Newcastle (C)",15900,6.89897291030519,29.7381605066641,39.3634088429699,5.3885468885224,6.77345780512385
"North Sydney (A)",15950,5.67505061714799,8.46138756293729,14.5631067961165,10.3775742737816,4.35646591256496
"Northern Beaches (A)",15990,4.45335114673792,15.0757575757576,23.4224483169174,0.0,5.16289607198698
"Oberon (A)",16100,3.74520547945205,23.75,41.0782442748092,4.10958904109589,7.16666666666667
"Orange (C)",16150,4.87426265135051,29.4503691550451,40.746639485252,2.32846941943496,7.69712140175219
"Parkes (A)",16200,13.1674474446197,28.1102891728312,46.9803250641574,30.1325360766496,6.55948553054662
"Parramatta (C)",16260,7.38556692066046,23.7333760615286,31.9665178014521,20.435448982032,11.5412710007305
"Penrith (C)",16350,3.91494214508233,28.474379904155,34.6554140697224,0.417222963951936,8.82658359293873
"Port Macquarie-Hastings (A)",16380,4.01224289135227,36.9594677836639,49.9151874962137,3.17173351095041,10.8825319537432
"Port Stephens (A)",16400,4.48970823731594,32.9675285628382,45.0306033226465,3.90579228996602,9.93253373313343
"Queanbeyan-Palerang Regional (A)",16490,11.5518612790328,20.4874602613917,25.1184173864586,22.1921730830417,4.32557572803704
"Randwick (C)",16550,5.87331316332901,22.1051737320534,28.8019496704392,5.76285837775537,5.55650392625469
"Richmond Valley (A)",16610,17.6863818061862,37.0085123631942,54.0031729243786,44.4366825784919,12.0511762278168
"Rockdale (C)",16650,10.9016668024735,26.1970802919708,36.5111359960184,22.0912440810857,12.2856365121132
"Ryde (C)",16700,5.3033721853068,24.797895547286,31.1641208063054,0.0,9.21560574948665
"Shellharbour (C)",16900,3.86829432187255,34.6135226722608,44.1177660047721,4.25579572180535,9.3042355977942
"Shoalhaven (C)",16950,4.08896658896659,37.6479368802644,52.2770583923772,3.88500388500389,12.1276390629519
"Singleton (A)",17000,3.86789812482508,22.7801022780102,33.3771982294533,12.314581584103,6.95710908476866
"Snowy Monaro Regional (A)",17040,4.6122092561721,20.9436687530091,36.2719583604424,10.3199174406605,8.36134453781513
"Snowy Valleys (A)",17080,20.4969764187066,24.3539545810493,45.6521739130435,81.333016451451,7.47782002534854
"Strathfield (A)",17100,4.29482533700536,26.7735849056604,33.4637820276157,3.23718413296613,13.6274783580006
"Sutherland Shire (A)",17150,18.8593328601845,20.6469547637099,27.2007275758839,114.57771469127,5.88096362777515
"Sydney (C)",17200,4.77848749511164,20.1100494478938,24.7558698380629,22.7192312706009,7.29493891797557
"Tamworth Regional (A)",17310,4.30895762560343,30.5022270004608,44.2857751822328,0.0,8.35420657138647
"Temora (A)",17350,4.30753389394199,26.9387755102041,52.4563540397889,0.0,8.52090032154341
"Tenterfield (A)",17400,3.55023010145382,38.0782918149466,57.1475409836066,10.7860056479448,12.199036918138
"The Hills Shire (A)",17420,4.81418717330596,18.9020586400499,24.3028375733855,4.41559061507984,7.80921953445915
"Tweed (A)",17550,3.59597251078792,37.9306666666667,48.8869262539938,53.5400351606201,11.9350985466852
"Upper Hunter Shire (A)",17620,4.05129699795978,24.0726722180167,41.0283687943262,18.9449140192364,8.83777239709443
"Upper Lachlan Shire (A)",17640,3.44765015423698,31.7617866004963,44.0251572327044,0.0,10.4918032786885
"Uralla (A)",17650,4.14354815763267,32.7751196172249,50.3697617091208,2.3118509034002,12.5984251968504
"Wagga Wagga (C)",17750,2.37653174897883,27.0922746781116,38.9704634187744,0.0,6.8193926478423
"Walcha (A)",17850,9.5,27.3109243697479,46.9006721433906,15.3846153846154,10.2362204724409
"Walgett (A)",17900,6.37755102040816,19.5061728395062,50.8656509695291,0.0,8.79478827361564
"Warren (A)",17950,4.09197675856101,23.1075697211155,42.397137745975,7.41748052911361,5.70175438596491
"Warrumbungle Shire (A)",18020,8.4799186578546,24.2197253433208,55.2631578947368,10.8456193865447,9.52380952380952
"Waverley (A)",18050,2.64880024929885,12.1834244846445,18.849093997735,0.0,4.53945196434467
"Weddin (A)",18100,5.39629005059022,25.1028806584362,55.3571428571429,16.8634064080944,10.7438016528926
"Wentworth (A)",18200,5.3127542257977,26.9366197183099,45.8646616541353,7.68326855283377,9.71502590673575
"Dubbo Regional (A)",18230,3.38057469769861,27.0361990950226,41.9177793023379,13.0022103757639,7.2871087176035
"Willoughby (C)",18250,11.1039959016393,17.9660664099094,23.7448039038496,15.5111566484517,6.90953085092082
"Wingecarribee (A)",18350,3.77480686496739,31.5272402500744,39.2054809071114,3.93209048434103,9.18055083304998
"Wollondilly (A)",18400,4.31536180959701,29.7421731123389,32.0893162122841,5.70989348852531,7.50889210907654
"Wollongong (C)",18450,6.6140552630746,34.1339847107251,42.4949734495025,9.44262156715867,8.01574598780119
"Woollahra (A)",18500,4.49372992019898,10.5651105651106,15.2573529411765,5.80371022903928,3.88768898488121
"Yass Valley (A)",18710,3.76275079375802,24.2128121606949,28.2147103788007,12.1596973586435,4.94929006085193
"Unincorporated NSW",19399,5.54245283018868,5.26315789473684,33.1050228310502,0.0,12.5
"Alpine (S)",20110,3.64122418879056,27.3131672597865,45.6818999640158,0.0,11.986301369863
"Ararat (RC)",20260,4.41267228965233,21.9836400817996,49.0598660038902,17.4861139683193,10.0244498777506
"Ballarat (C)",20570,3.74414469118668,32.6310509154753,44.7705337797912,4.44569743233865,8.49160257416418
"Banyule (C)",20660,4.41566833152876,23.9531451761668,32.7561952169679,6.46152771471482,7.05086928525435
"Bass Coast (S)",20740,3.00397992732307,37.6271186440678,52.3447843355864,2.76864509430697,13.6881122584061
"Baw Baw (S)",20830,3.83496249147534,32.7116212338594,44.1830692910866,4.09183905433053,9.72369017061754
"Bayside (C)",20910,2.14424951267056,18.2070707070707,25.3806830541658,1.22528543581175,5.44562973158981
"Benalla (RC)",21010,3.16285876900561,31.6030534351145,50.2659574468085,10.569965037808,11.5638106650689
"Boroondara (C)",21110,4.65635475039022,20.5024900677075,25.5502118036755,5.82124305928712,8.02639127940333
"Brimbank (C)",21180,14.6382525769277,31.3216,48.9490647215754,55.5573658314054,16.6769172541042
"Buloke (S)",21270,3.23886639676113,18.956043956044,55.902004454343,5.52079499447921,8.74125874125874
"Campaspe (S)",21370,3.96753560222061,27.4579560155239,48.2856371490281,10.559980690321,9.98685939553219
"Cardinia (S)",21450,4.39753638147522,28.5652424942263,37.3560754532092,14.2917096741263,10.6311856852592
"Casey (C)",21610,8.41114621349566,28.9421881475342,39.1102381843123,33.0982018394895,13.4646479494341
"Central Goldfields (S)",21670,4.78279207085618,36.1424847958297,63.8566730136749,0.0,12.6131953428202
"Colac-Otway (S)",21750,4.10239931448158,29.5702005730659,47.0377641760018,0.0,11.6198537899192
"Corangamite (S)",21830,4.37162304399691,25.4401408450704,49.7763381150702,12.6306925829766,10.6382978723404
"Darebin (C)",21890,9.89672084994147,25.0976986539297,37.3279463124016,22.8192096255575,8.0084438287486
"East Gippsland (S)",22110,3.43929528916124,34.0084166228301,52.6002506265664,7.40457040725137,11.1761145854347
"Frankston (C)",22170,4.681251659519,31.2424863871013,39.3092979127135,4.90815316656341,8.82498026835043
"Gannawarra (S)",22250,3.02902374670185,25.2564102564103,54.9302016397075,0.0,11.8659420289855
"Glen Eira (C)",22310,6.4011144158729,24.0528227899198,30.6101193195315,14.7584804788976,7.16768027801911
"Glenelg (S)",22410,3.85599627777132,26.0133091349062,48.0848484848485,0.0,9.02286902286902
"Golden Plains (S)",22490,3.71284684506764,34.4954128440367,40.1164329187616,0.0,10.2623456790123
"Greater Bendigo (C)",22620,4.28176795580111,31.6517778945525,44.1720302940708,4.67029691164196,8.50919454434417
"Greater Dandenong (C)",22670,19.6801993707014,32.8218652601295,51.785190830744,84.4401748670398,18.2441607821836
"Greater Geelong (C)",22750,4.11362103366462,32.0665683589636,42.3748937931636,7.64140130092499,8.41040075056963
"Greater Shepparton (C)",22830,7.21891008269664,28.5714285714286,45.1200524461198,23.2529678129972,10.1730743823491
"Hepburn (S)",22910,4.30324801676396,34.0579710144928,48.4857616392949,0.0,12.2332859174964
"Hindmarsh (S)",22980,3.59304823276704,17.2222222222222,54.278728606357,15.6219488381176,7.03517587939699
"Hobsons Bay (C)",23110,7.38361221652203,22.9279136233725,35.6631086416143,15.9418900129453,7.88254909225639
"Horsham (RC)",23190,2.87814183123878,29.5789473684211,46.9816922315685,0.0,9.01639344262295
"Hume (C)",23270,12.1263576074072,34.7168774051677,45.2602436323367,32.4651053514027,16.6526585053901
"Indigo (S)",23350,2.93827508455468,28.1372549019608,41.6148077229935,5.6369785794814,9.22308041799182
"Kingston (C)",23430,5.11935070963386,24.7695934843181,34.741105004339,9.00229277144023,7.99188248936993
"Knox (C)",23670,4.00922536840243,25.0217286335104,35.8049853901374,7.48370593117712,9.90605199912607
"Latrobe (C)",23810,4.05907429963459,32.619305856833,47.2589167767503,4.26309378806334,8.40510532323337
"Loddon (S)",23940,5.09719883667534,21.9948849104859,57.1858993672793,29.083116485535,10.9395109395109
"Macedon Ranges (S)",24130,2.72508746459766,28.8324420677362,33.0112145072775,2.85598686246043,7.75075987841945
"Manningham (C)",24210,3.84767806319127,27.1512113617377,36.2076021280181,6.39478329790683,11.9405296577358
"Mansfield (S)",24250,3.36157799694402,28.4955752212389,45.4622561492791,0.0,12.6607319485658
"Maribyrnong (C)",24330,12.1906280218488,24.4459219858156,34.5715594928975,34.7594281682043,8.15786689239234
"Maroondah (C)",24410,5.35218039328814,27.6484964403358,34.5921377109424,6.05798355690177,7.83458277006268
"Melbourne (C)",24600,18.2453170552378,33.6310608822457,34.1682498670112,44.285995195226,11.9920402178467
"Melton (C)",24650,6.83128475844596,30.5992253360674,38.7076237466179,17.5704189446767,12.3034143228336
"Mildura (RC)",24780,6.12923890806142,30.761421319797,48.5472770104855,9.5058998574115,9.28231135700015
"Mitchell (S)",24850,4.75751078785247,28.0067001675042,39.3164693218515,7.32759790484978,9.91406747294717
"Moira (S)",24900,4.50341933478396,29.4979079497908,51.3338447114975,5.43985079266397,9.89892984542212
"Monash (C)",24970,6.74748810000058,30.6184596644704,38.6733011877436,17.7992683167226,12.5295248558088
"Moonee Valley (C)",25060,6.09444184703391,22.1775062881782,32.814605520539,11.3674908097504,5.89531680440771
"Moorabool (S)",25150,3.90177815410669,30.5343511450382,40.2143640813571,4.06435224386113,10.039603960396
"Moreland (C)",25250,10.2764898045208,23.1857399378093,36.3436804353203,22.3931713999684,7.829724687659
"Mornington Peninsula (S)",25340,2.93863007033536,32.6023391812866,40.9081983308787,1.64569008078192,9.14244186046512
"Mount Alexander (S)",25430,4.23666007905138,36.7834394904459,48.9978570528173,17.2924901185771,12.2231012658228
"Moyne (S)",25490,3.8318828847062,25.3549695740365,43.8010043942247,7.42089995277609,11.6027531956736
"Murrindindi (S)",25620,3.89599531811721,33.6305732484076,46.2019815748305,7.52445447705041,12.7025614218505
"Nillumbik (S)",25710,2.48637425382819,23.6414565826331,25.1932674429983,1.55722813392162,6.85772773797339
"Northern Grampians (S)",25810,3.21546531960365,26.4560710760118,51.8511263467189,12.6287157567515,8.33333333333333
"Port Phillip (C)",25900,6.15677131668892,16.1872118170319,21.4126203039466,0.679055659928925,5.0417774401823
"Pyrenees (S)",25990,4.55287206266319,27.5449101796407,56.2351342167856,42.4281984334204,13.9451728247914
"Queenscliffe (B)",26080,1.53718321562111,35.0961538461538,36.9598765432099,0.0,9.33333333333333
"South Gippsland (S)",26170,3.73328088119591,33.3875338753388,49.0186038573135,4.720692368214,12.5067677314564
"Southern Grampians (S)",26260,2.81217208814271,23.0830039525692,49.1375431228439,0.0,8.06451612903226
"Stonnington (C)",26350,5.23853970004879,17.6682750889506,22.7260265305692,2.33342525614645,5.76709423290577
"Strathbogie (S)",26430,4.09421087387189,28.1805745554036,50.3090507726269,15.4083204930663,10.6048053024027
"Surf Coast (S)",26490,2.5686615722176,23.4628627643876,33.0116717213491,7.94431414087917,7.88036410923277
"Swan Hill (RC)",26610,6.24506374816653,23.74749498998,45.2635414136507,13.5394336003611,9.22083909635777
"Towong (S)",26670,3.66622111896124,24.8704663212435,48.9208633093525,0.0,9.20679886685553
"Wangaratta (RC)",26700,3.35753884594362,31.6933169331693,47.2565157750343,0.0,9.47075208913649
"Warrnambool (C)",26730,4.13094568203634,30.2457956015524,42.8845586064364,9.26814736354308,8.43191542914674
"Wellington (S)",26810,3.43168527379054,28.1390134529148,46.3060153411385,0.797448165869219,9.22116091109478
"West Wimmera (S)",26890,2.86931818181818,14.0096618357488,50.8443908323281,36.9318181818182,7.97872340425532
"Whitehorse (C)",26980,6.11215886039443,30.4745677142497,37.1901373489988,15.4894069306995,10.4533333333333
"Whittlesea (C)",27070,7.81096976723257,31.8044222163727,41.7147667147667,15.1931434984463,13.3311814073596
"Wodonga (C)",27170,3.52116640396307,26.0346866377611,41.123595505618,12.666066201306,7.47511679869998
"Wyndham (C)",27260,8.0584242997236,26.1021249603552,36.4169167958803,24.359537120558,12.5875629839007
"Yarra (C)",27350,8.73127491839026,16.2510748065348,23.6712067624853,10.1931538134008,4.15131417342176
"Yarra Ranges (S)",27450,4.39590365417553,31.2714776632302,37.1406917204281,5.66149965242692,9.22991160308991
"Yarriambiack (S)",27630,3.34294926183608,21.9895287958115,56.0669456066946,0.0,8.7962962962963
"Unincorporated Vic",29399,12.5333333333333,2.16450216450216,9.78552278820375,0.0,6.66666666666667
"Aurukun (S)",30250,61.9730185497471,12.3456790123457,72.1830985915493,1694.77234401349,0.0
"Balonne (S)",30300,4.6682402307894,19.9095022624434,38.5826771653543,26.2260687123,9.27835051546392
"Banana (S)",30370,4.32098765432099,12.7503337783712,33.0715532286213,10.9392092514455,4.60992907801418
"Barcaldine (R)",30410,2.62008733624454,11.1969111969112,36.2339514978602,0.0,7.55555555555556
"Barcoo (S)",30450,1.73913043478261,0.0,25.5813953488372,0.0,0.0
"Blackall-Tambo (R)",30760,3.24261725535611,16.8367346938776,50.0,0.0,6.2111801242236
"Boulia (S)",30900,14.4654088050314,15.9090909090909,23.394495412844,0.0,0.0
"Brisbane (C)",31000,6.01389510535363,23.2004205758654,29.8897451763515,15.2901275571052,6.47040989122317
"Bulloo (S)",31750,4.68227424749164,9.09090909090909,24.2424242424242,0.0,0.0
"Bundaberg (R)",31820,4.48525766624962,38.2070855353298,52.4521191471788,8.49838294657822,11.2644353102368
"Burdekin (S)",31900,4.43352896146976,29.731308411215,42.0297848869277,17.8616994131156,7.20221606648199
"Burke (S)",31950,20.5278592375367,6.81818181818182,17.7489177489177,0.0,0.0
"Cairns (R)",32080,7.08625105534626,29.4295671313279,37.0067612057751,17.5950166372234,8.32094307561597
"Carpentaria (S)",32250,18.4994272623139,13.1410256410256,25.4803675856307,177.548682703322,9.52380952380952
"Cassowary Coast (R)",32260,7.99281895172306,28.815054395766,43.5237265309356,14.0498770635757,11.0630630630631
"Central Highlands (R)",32270,4.03963736032047,9.42408376963351,25.2918287937743,10.5418511490618,6.6717791411043
"Charters Towers (R)",32310,5.07441814004595,26.2923351158645,44.4201312910284,8.99011087803416,8.23627287853577
"Cherbourg (S)",32330,46.4489795918367,15.4121863799283,88.4615384615385,955.102040816327,0.0
"Cloncurry (S)",32450,8.59982713915298,13.2075471698113,23.2541396688265,0.0,6.70731707317073
"Cook (S)",32500,14.7033031277404,16.1347517730496,32.2441960447119,99.3861444022216,10.0671140939597
"Croydon (S)",32600,10.6976744186047,8.57142857142857,32.6388888888889,0.0,0.0
"Diamantina (S)",32750,14.8148148148148,5.88235294117647,14.6198830409357,0.0,0.0
"Doomadgee (S)",32770,59.5545977011494,11.0169491525424,74.113475177305,1393.67816091954,0.0
"Douglas (S)",32810,6.36707953731191,25.7788637751985,34.3383282180899,12.2837547343638,11.119936457506
"Etheridge (S)",33100,7.22222222222222,7.46268656716418,29.6849087893864,0.0,6.0
"Flinders (S)",33200,5.84752035529238,7.94701986754967,38.4827586206897,0.0,4.8780487804878
"Fraser Coast (R)",33220,4.3449401523395,41.0857606637208,55.237346164523,10.3373231773667,12.5541542312506
"Gladstone (R)",33360,3.19381075183495,21.3256868498266,34.3066304120477,8.47595174117689,9.13514171025423
"Gold Coast (C)",33430,5.24328036099666,31.0058647781343,36.9514711678917,7.7692760447322,10.1254333625962
"Goondiwindi (R)",33610,3.9576124567474,22.9974160206718,40.7313707451702,5.40657439446367,8.65671641791045
"Gympie (R)",33620,5.52584274649919,39.6854575163399,54.1531457354579,16.6441046581301,13.4887737478411
"Hinchinbrook (S)",33800,3.62519201228879,30.5613305613306,46.7685319017138,3.07219662058372,8.92307692307692
"Hope Vale (S)",33830,34.9875930521092,9.17874396135266,65.6370656370656,235.732009925558,66.6666666666667
"Ipswich (C)",33960,6.97511235360617,28.597609561753,39.8346253229974,15.0918598628924,7.89885297184567
"Isaac (R)",33980,2.70447369988682,5.08387096774194,19.8397056891341,1.78709715851552,5.57341907824223
"Kowanyama (S)",34420,45.9677419354839,6.46551724137931,71.6475095785441,656.68202764977,0.0
"Livingstone (S)",34530,4.18454935622318,30.9252217997465,40.6834710160277,5.68038374147942,8.79336679031202
"Lockhart River (S)",34570,50.4702194357367,11.8881118881119,60.2803738317757,1880.87774294671,0.0
"Lockyer Valley (R)",34580,6.33198427050145,35.7765579593155,47.0099548807563,31.2867763139011,10.7316087308003
"Logan (C)",34590,8.64089415968544,32.0210545986856,40.8397614005091,25.8147108682043,9.64698102650186
"Longreach (R)",34710,2.50401284109149,14.1472868217054,29.2708333333333,0.0,6.53950953678474
"Mackay (R)",34770,4.03394751970691,25.6771829190567,37.470821529745,7.21043759561138,7.77807630306287
"McKinlay (S)",34800,5.85585585585586,0.0,30.3763440860215,0.0,8.88888888888889
"Mapoon (S)",34830,23.6486486486486,14.4578313253012,64.5833333333333,0.0,0.0
"Maranoa (R)",34860,3.8014106439498,14.6464646464646,35.5020392309186,29.3120820738298,7.52521334367727
"Mareeba (S)",34880,8.99476609291534,30.6527415143603,45.9698025551684,39.9287756974046,11.4598193057537
"Moreton Bay (R)",35010,4.4651670867428,32.0209577610556,39.4985053087311,11.1992463683876,7.77910906847404
"Mornington (S)",35250,58.7949465500486,13.6363636363636,64.4128113879003,1166.18075801749,0.0
"Mount Isa (C)",35300,8.12407680945347,11.6022099447514,20.9229083938108,50.4677498769079,3.97448478900883
"Murweh (S)",35600,5.70175438596491,18.3585313174946,42.766631467793,0.0,7.72626931567329
"Napranum (S)",35670,34.3511450381679,15.4185022026432,71.2,338.058887677208,0.0
"Noosa (S)",35740,3.11440281274055,35.4405757634701,42.8041610131162,4.16085880125658,12.7550225821523
"North Burnett (R)",35760,6.60667251975417,20.5970149253731,48.3707151925518,15.3643546971027,13.0526315789474
"Northern Peninsula Area (R)",35780,42.9966203529854,6.59340659340659,47.5770925110132,390.536988358994,0.0
"Palm Island (S)",35790,60.6047700170358,8.05369127516779,73.991935483871,2172.06132879046,0.0
"Paroo (S)",35800,8.24670824670825,14.6739130434783,46.0575719649562,0.0,8.06451612903226
"Pormpuraaw (S)",36070,32.6788218793829,12.7450980392157,68.0,785.413744740533,0.0
"Quilpie (S)",36150,6.23268698060942,6.74157303370786,40.7310704960836,0.0,4.81927710843374
"Redland (C)",36250,3.2324963455293,30.6271612700409,36.6936076414401,4.75261213644317,7.24312452253629
"Richmond (S)",36300,6.72153635116598,11.1111111111111,35.8247422680412,0.0,0.0
"Rockhampton (R)",36370,5.41973490427099,29.4360385144429,42.0098310491878,5.89101620029455,7.71791137923861
"Scenic Rim (R)",36510,4.26944711208671,36.050836949783,44.3023865722528,4.39017697900947,11.3936526710034
"Somerset (R)",36580,5.44226813344066,36.039886039886,49.4551282051282,25.0424827832931,11.8513558754603
"South Burnett (R)",36630,4.74066959385291,32.0263394193355,55.2092743149654,24.0120746432492,11.6879350348028
"Southern Downs (R)",36660,4.59515872768622,35.076071922545,53.9215000349822,4.36150658899031,11.8245888801879
"Sunshine Coast (R)",36720,3.82511052685692,33.2079021636877,41.3480617424991,3.9290278042977,9.94352784852176
"Tablelands (R)",36820,5.84968198512945,33.9676113360324,49.7976470588235,21.4995968825584,11.4088509947219
"Toowoomba (R)",36910,4.29371713029944,29.5085612630643,41.2302080475168,8.43384233514581,7.30150356106568
"Torres (S)",36950,31.7904210864674,8.07248764415156,36.1367837338262,279.652844744455,25.6410256410256
"Torres Strait Island (R)",36960,39.2423506556581,9.93377483443709,72.1100917431193,483.244293346285,0.0
"Townsville (C)",37010,4.79472883933097,26.7060910703726,36.2097023091384,11.8660743567574,7.54830658002324
"Weipa (T)",37300,5.6444310292786,3.63086232980333,7.96586059743954,21.1288862058557,2.63929618768328
"Western Downs (R)",37310,4.39246806585222,22.2339862361038,41.593330245484,13.9222442657756,9.70245795601552
"Whitsunday (R)",37340,5.89583181785117,27.7041676704409,36.5440115440115,37.8264348585146,10.5599071656513
"Winton (S)",37400,3.98406374501992,11.1111111111111,30.8965517241379,0.0,11.2244897959184
"Woorabinda (S)",37550,43.9024390243902,12.8205128205128,76.7441860465116,654.10199556541,0.0
"Wujal Wujal (S)",37570,42.1245421245421,10.6666666666667,73.1707317073171,293.040293040293,0.0
"Yarrabah (S)",37600,65.2384801940178,6.68380462724936,82.0408163265306,2049.31285367825,0.0
"Adelaide (C)",40070,10.1050105010501,32.3892100192678,33.2167133146741,15.6015601560156,8.1151832460733
"Adelaide Hills (DC)",40120,2.97125483692648,24.9146757679181,27.7898271881341,0.0,5.85925227772542
"Alexandrina (DC)",40220,56.7895247332687,40.4203323558162,46.8459342480891,1425.80019398642,11.2022630834512
"Anangu Pitjantjatjara (AC)",40250,2.77036355269213,5.19125683060109,57.3770491803279,4.14173953060285,0.0
"Barossa (DC)",40310,3.2838506522717,28.9880952380952,36.3142187166915,0.0,7.67738359201774
"Barunga West (DC)",40430,4.48332988196314,33.5135135135135,52.6730937773883,16.5665769310416,14.9532710280374
"Berri and Barmera (DC)",40520,3.74186682146917,25.9463722397476,47.7621763931549,7.01448854703335,9.82211910286156
"Burnside (C)",40700,4.79174038841823,26.4433551198257,26.8717653824037,5.82835494681626,5.94809623034666
"Campbelltown (C)",40910,5.2182474565146,30.8084932625561,39.5980253878702,0.0,8.46655791190865
"Ceduna (DC)",41010,6.46184624178337,12.2775800711744,30.5113636363636,10.002857959417,5.57103064066852
"Charles Sturt (C)",41060,2.32098765432099,25.7413249211356,39.0410367170626,0.0,7.15394279801936
"Clare and Gilbert Valleys (DC)",41140,1.99179847685999,24.8704663212435,40.1839684625493,0.0,10.1449275362319
"Cleve (DC)",41190,8.79199428162974,11.4285714285714,35.4312354312354,57.1837026447462,3.18181818181818
"Coober Pedy (DC)",41330,2.42606834218663,12.6050420168067,42.0824295010846,0.0,6.87022900763359
"Copper Coast (DC)",41560,4.18410041841004,35.450421257291,52.3188405797101,0.0,12.616532007458
"Elliston (DC)",41750,2.4045261669024,12.6760563380282,43.6619718309859,0.0,16.3461538461538
"Flinders Ranges (DC)",41830,2.32350312779267,20.1183431952663,46.9151670951157,0.0,9.70873786407767
"Franklin Harbour (DC)",41960,4.31661427297893,19.2,38.4991843393148,0.0,6.15384615384615
"Gawler (T)",42030,5.6772100567721,31.7700453857791,42.7563697620552,0.0,9.54063604240283
"Goyder (DC)",42110,3.33380420963413,23.9344262295082,49.9721758486366,28.2525780477469,10.8559498956159
"Grant (DC)",42250,2.46076585059636,24.4776119402985,35.1078636047321,0.0,7.27432077125329
"Holdfast Bay (C)",42600,3.48423194303154,24.8788012340238,30.440299454384,15.2594099694812,4.95537811178957
"Kangaroo Island (DC)",42750,3.88151174668029,29.5612009237875,45.2775073028238,81.7160367722166,15.9498207885305
"Karoonda East Murray (DC)",43080,1.35275754422477,18.5714285714286,54.0358744394619,0.0,16.5137614678899
"Kimba (DC)",43220,1.15718418514947,4.16666666666667,38.2284382284382,0.0,9.09090909090909
"Kingston (DC)",43360,2.97567332754127,26.1904761904762,44.4553483807655,5.79206487112656,10.9243697478992
"Light (RegC)",43650,3.83499170812604,28.7790697674419,32.8247186725157,0.0,7.48246297739673
"Lower Eyre Peninsula (DC)",43710,3.28335547542228,23.2258064516129,36.5011820330969,0.0,9.07894736842105
"Loxton Waikerie (DC)",43790,4.9479485609308,22.8893058161351,46.9140950792327,17.1463563992652,8.199121522694
"Adelaide Plains (DC)",43920,2.74320658025064,29.7935103244838,37.6619370758791,4.73709142586452,10.3717026378897
"Maralinga Tjarutja (AC)",44000,null,null,null,null,null
"Marion (C)",44060,4.66681812203317,28.5620424253801,37.8299440425822,7.89162172826516,7.76145068000625
"Mid Murray (DC)",44210,4.43794844538932,30.4140127388535,51.1694386694387,5.31490831783152,13.5726795096322
"Mitcham (C)",44340,3.83144289105777,28.5345232503523,29.1786889909375,16.1566868900026,5.75493735400297
"Mount Barker (DC)",44550,2.63480787859219,30.2942244823829,33.7032339885859,2.90603810138844,7.93912724605794
"Mount Gambier (C)",44620,4.12995364763854,27.7241770715096,44.0719992653136,6.68142147241826,7.0
"Mount Remarkable (DC)",44830,2.3828125,22.7272727272727,47.3193473193473,0.0,10.3896103896104
"Murray Bridge (RC)",45040,6.15505500261917,30.4693414080242,49.3750743959052,26.7155578837087,11.340206185567
"Naracoorte and Lucindale (DC)",45090,4.99934219181687,19.3026151930262,40.2302332626477,32.8904091566899,7.55642787046124
"Northern Areas (DC)",45120,2.98761233908186,20.2312138728324,45.3164556962025,0.0,8.83977900552486
"Norwood Payneham St Peters (C)",45290,4.87037772145714,26.3333952796878,34.6865364850976,11.2980549024398,5.61385099685205
"Onkaparinga (C)",45340,3.33868275773527,34.6328135412502,40.4916737571411,3.91577866221595,9.1216340325484
"Orroroo/Carrieton (DC)",45400,3.53403141361257,18.1818181818182,44.6601941747573,0.0,10.3448275862069
"Peterborough (DC)",45540,5.48780487804878,23.75,64.2344497607656,0.0,13.8613861386139
"Playford (C)",45680,8.48471715603067,35.2043777464555,49.039319493189,20.3450226925253,12.693219923121
"Port Adelaide Enfield (C)",45890,9.2644591611479,29.4805194805195,43.1583044805474,38.6754966887417,9.61161982949163
"Port Augusta (C)",46090,6.60057617352991,22.7564102564103,41.3229018492176,16.0989662769022,7.44535519125683
"Port Lincoln (C)",46300,3.67061880786097,26.8253968253968,42.7390180878553,0.0,7.53739930955121
"Port Pirie City and Dists (M)",46450,3.85274516026658,28.3926852743022,50.8986928104575,0.0,9.55414012738854
"Prospect (C)",46510,6.40253401183924,24.6853430775477,30.2693353101063,16.0972063558002,4.65380249716232
"Renmark Paringa (DC)",46670,4.63498054015804,22.1590909090909,45.4545454545455,27.1258403113575,10.6529209621993
"Robe (DC)",46860,3.66894197952218,23.7762237762238,36.9085173501577,0.0,10.5633802816901
"Roxby Downs (M)",46970,2.22634508348794,3.65408038976857,7.95107033639144,0.0,2.98507462686567
"Salisbury (C)",47140,9.36937764609507,32.393078221722,44.6292204519905,30.853564237427,12.6372549019608
"Southern Mallee (DC)",47290,2.69814502529511,11.1111111111111,41.0287081339713,0.0,6.09137055837564
"Streaky Bay (DC)",47490,3.82513661202186,18.8679245283019,40.8938547486034,0.0,9.04522613065327
"Tatiara (DC)",47630,4.22535211267606,17.564870259481,37.2772089495639,15.2723570337689,8.16326530612245
"Tea Tree Gully (C)",47700,3.18500918025705,28.6490566037736,34.221524210078,3.56409979479425,7.28539156626506
"The Coorong (DC)",47800,3.80267214799589,21.689497716895,52.3451327433628,0.0,12.2314049586777
"Tumby Bay (DC)",47910,2.83178360101437,27.2727272727273,46.3865546218487,0.0,8.66141732283465
"Unley (C)",47980,3.84469862335924,23.701226309922,27.8531990906138,1.16417823568788,4.36516729448261
"Victor Harbor (C)",48050,1.86780513837005,43.0216802168022,54.9357520786092,0.0,12.1372031662269
"Wakefield (DC)",48130,4.96146435452794,27.7777777777778,46.7730239303843,9.63391136801541,12.0535714285714
"Walkerville (M)",48260,3.67145552169496,21.4026602176542,28.4840682330222,0.0,5.58375634517767
"Wattle Range (DC)",48340,2.77511961722488,24.5067497403946,46.1057892544773,0.0,7.70750988142292
"West Torrens (C)",48410,7.57682080070911,27.745872218234,38.0821242139011,19.2052001772788,7.07873436350258
"Whyalla (C)",48540,3.58381502890173,27.5528169014085,47.1063829787234,9.55013822568485,7.76365510133975
"Wudinna (DC)",48640,3.739982190561,9.61538461538461,41.340782122905,0.0,11.7647058823529
"Yankalilla (DC)",48750,2.77292576419214,38.0246913580247,49.1289198606272,0.0,15.9500693481276
"Yorke Peninsula (DC)",48830,3.50302161220936,26.1818181818182,52.7153371792321,0.0,10.9174311926605
"Unincorporated SA",49399,11.6172168825742,5.40540540540541,32.1428571428571,37.6096949435855,11.5384615384615
"Albany (C)",50080,4.36947244727565,32.3361435953223,50.9876457039157,6.80314181458346,11.1450740653656
"Armadale (C)",50210,4.81383727005989,37.016301663099,43.1389424400991,19.1588847653372,12.569098949696
"Ashburton (S)",50250,4.84086144463503,2.34278668310728,10.7129931234166,45.7404230989137,7.79220779220779
"Augusta-Margaret River (S)",50280,4.08870967741935,30.5263157894737,45.8178603006189,0.0,14.6610614818707
"Bassendean (T)",50350,4.17961027958204,31.8912237330037,41.4776409591705,24.0045184975995,8.05340223944875
"Bayswater (C)",50420,5.88822355289421,29.2756920743269,40.5898610532692,19.6274118429807,9.25883952855848
"Belmont (C)",50490,8.56656258870281,26.4705882352941,40.4162840526477,19.8694294635254,10.1815823605707
"Beverley (S)",50560,6.33514986376022,33.3333333333333,55.6149732620321,0.0,14.8717948717949
"Boddington (S)",50630,2.35668789808917,25.8241758241758,34.3347639484979,0.0,7.75862068965517
"Boyup Brook (S)",50770,2.50825082508251,31.1320754716981,55.3695955369596,0.0,14.6739130434783
"Bridgetown-Greenbushes (S)",50840,3.6966372525638,35.4354354354354,54.9009900990099,0.0,13.8095238095238
"Brookton (S)",50910,3.66863905325444,25.0,49.5145631067961,0.0,20.5882352941176
"Broome (S)",50980,12.7721232683065,14.1703130259172,24.1065869754701,75.6290641786825,5.93155893536122
"Broomehill-Tambellup (S)",51080,7.71637122002086,10.1449275362319,48.0582524271845,0.0,7.40740740740741
"Bruce Rock (S)",51120,0.482509047044632,12.7659574468085,48.0099502487562,0.0,12.6984126984127
"Bunbury (C)",51190,3.59045386746218,35.7755622536517,48.8487212180304,9.58874920093757,11.1054895016443
"Busselton (C)",51260,2.57709524993783,34.1012514220705,47.987106017192,10.880378015419,11.1739130434783
"Cambridge (T)",51310,2.4871009351822,18.4302036761053,25.3104009769998,0.0,4.69497607655502
"Canning (C)",51330,6.58940859215176,32.4239713774598,43.4206433148759,19.0626743537288,11.0656854728809
"Capel (S)",51400,2.30803657055175,32.2267206477733,40.4782092589452,0.0,10.3536274152388
"Carnamah (S)",51470,0.849256900212314,6.0,45.5598455598456,0.0,5.0
"Carnarvon (S)",51540,10.667251975417,17.3812282734647,28.8507821901324,30.7287093942054,9.15178571428571
"Chapman Valley (S)",51610,3.51307189542484,28.5714285714286,38.3211678832117,0.0,6.70103092783505
"Chittering (S)",51680,3.66156392221763,32.0261437908497,41.9354838709677,0.0,11.1794871794872
"Claremont (T)",51750,2.75572692220458,23.6467236467236,27.2618477740546,0.0,6.187624750499
"Cockburn (C)",51820,3.79833970328361,28.9306776454879,37.4331412624997,9.14396087617639,8.95065363325874
"Collie (S)",51890,4.49566989302089,37.6056338028169,51.4634839443024,26.7447784004075,8.85028949545079
"Coolgardie (S)",51960,6.67337357478203,12.1212121212121,34.6791636625811,0.0,6.82819383259912
"Coorow (S)",52030,3.36700336700337,31.4285714285714,51.1201629327902,0.0,13.0434782608696
"Corrigin (S)",52100,4.46521287642783,13.8888888888889,43.4497816593886,124.610591900312,5.68181818181818
"Cottesloe (T)",52170,2.02387885847408,15.9062885326757,21.8895542248836,0.0,5.65045992115637
"Cranbrook (S)",52240,3.18331503841932,10.9756097560976,54.739336492891,0.0,18.8405797101449
"Cuballing (S)",52310,4.42857142857143,9.09090909090909,49.7142857142857,0.0,5.88235294117647
"Cue (S)",52380,3.03030303030303,0.0,29.6551724137931,0.0,0.0
"Cunderdin (S)",52450,3.74064837905237,15.3225806451613,43.8888888888889,0.0,7.93650793650794
"Dalwallinu (S)",52520,2.79106858054226,9.72222222222222,37.6991150442478,0.0,6.30630630630631
"Dandaragan (S)",52590,2.30010952902519,22.027972027972,44.7823082239115,0.0,12.5373134328358
"Dardanup (S)",52660,2.4822695035461,30.7692307692308,43.1151679937852,0.0,10.2552415679125
"Denmark (S)",52730,3.99515738498789,35.6736242884251,54.8715858132898,0.0,15.3212520593081
"Derby-West Kimberley (S)",52800,30.9318834012989,6.96643445218493,38.2872375874708,418.365805769521,8.64864864864865
"Donnybrook-Balingup (S)",52870,3.15996074582924,30.2752293577982,50.4908237302604,17.6643768400393,12.8915662650602
"Dowerin (S)",52940,5.98425196850394,10.6060606060606,53.448275862069,0.0,10.8695652173913
"Dumbleyung (S)",53010,0.0,16.9811320754717,48.3443708609271,0.0,6.52173913043478
"Dundas (S)",53080,7.1301247771836,13.5802469135802,37.9174852652259,0.0,9.52380952380952
"East Fremantle (T)",53150,2.20512061565784,21.0884353741497,29.3542757417103,0.0,6.2624254473161
"East Pilbara (S)",53220,18.3198380566802,2.44865718799368,17.9084380610413,562.753036437247,0.0
"Esperance (S)",53290,3.46105263157895,23.8741958541816,41.8880114860014,5.89473684210526,10.0539811066127
"Exmouth (S)",53360,5.01851090086384,12.1649484536082,18.5542168674699,0.0,8.14332247557003
"Fremantle (C)",53430,3.79980372914622,25.2801667969768,36.8758407849964,8.63591756624141,7.20917531403605
"Gingin (S)",53570,4.5984598459846,29.6875,49.8381877022654,22.002200220022,11.5615615615616
"Gnowangerup (S)",53640,4.95626822157434,12.037037037037,42.6530612244898,0.0,8.7378640776699
"Goomalling (S)",53710,3.25476992143659,28.9156626506024,49.2027334851936,0.0,13.8613861386139
"Gosnells (C)",53780,7.70534281333776,34.9318923787009,45.9530985811953,24.566720163539,13.6331769400852
"Greater Geraldton (C)",53800,4.53708305317625,29.1490362012224,45.9021855010661,7.89312129096384,9.57535387177352
"Halls Creek (S)",53920,45.7766790276061,7.69230769230769,40.0173611111111,1025.95797280593,0.0
"Harvey (S)",53990,2.71604938271605,31.4166231050706,43.0657690315899,0.0,9.39086294416244
"Irwin (S)",54060,1.875,33.4246575342466,51.9218651543793,0.0,9.97566909975669
"Jerramungup (S)",54130,1.63398692810458,11.8811881188119,39.0295358649789,0.0,11.0
"Joondalup (C)",54170,1.75390649020559,27.3157836766164,34.1140730887455,1.84477893399108,7.11132514648046
"Kalamunda (S)",54200,3.59356802043807,28.8727959697733,39.3420865525904,8.07754442649435,9.49455760319
"Kalgoorlie/Boulder (C)",54280,5.67830566685747,14.1551318882215,26.3845950004417,22.1331806907079,5.76141525221133
"Karratha (C)",54310,6.23564345341476,6.34850166481687,14.9815205913411,48.1819709787663,3.79609544468547
"Katanning (S)",54340,10.2295267781241,18.552036199095,46.8671679197995,85.0099178237461,11.6822429906542
"Kellerberrin (S)",54410,6.14947965941343,8.79120879120879,57.2874493927125,0.0,10.5263157894737
"Kent (S)",54480,0.0,21.875,37.719298245614,0.0,0.0
"Kojonup (S)",54550,3.61990950226244,21.6867469879518,45.5445544554455,0.0,4.9079754601227
"Kondinin (S)",54620,5.60109289617486,8.75,44.5086705202312,150.273224043716,10.3448275862069
"Koorda (S)",54690,1.60427807486631,0.0,52.7173913043478,0.0,8.33333333333333
"Kulin (S)",54760,1.95195195195195,5.55555555555556,43.2432432432432,0.0,11.3207547169811
"Kwinana (C)",54830,5.49086757990868,36.660777385159,43.2933005353784,11.1301369863014,13.2971893280068
"Lake Grace (S)",54900,3.75586854460094,10.5263157894737,37.3814041745731,0.0,6.02409638554217
"Laverton (S)",54970,25.6410256410256,11.2903225806452,40.3292181069959,1068.37606837607,0.0
"Leonora (S)",55040,7.85340314136126,10.6060606060606,26.9911504424779,143.979057591623,0.0
"Mandurah (C)",55110,2.6774569645429,40.2236696571218,52.4228256494411,5.7609217474796,11.304033279074
"Manjimup (S)",55180,3.98825544409102,27.9361459521095,51.6506368598908,14.6806948862246,11.9211822660099
"Meekatharra (S)",55250,25.2072968490879,11.9047619047619,34.1772151898734,679.933665008292,12.5
"Melville (C)",55320,2.51929977166467,26.5165321530851,36.1398721138668,5.98021093834946,6.81930897669036
"Menzies (S)",55390,54.5787545787546,17.8571428571429,44.5378151260504,2710.62271062271,0.0
"Merredin (S)",55460,5.39725108950721,14.8148148148148,43.8004402054292,164.264163593698,9.72972972972973
"Mingenew (S)",55530,1.43198090692124,6.25,34.6456692913386,0.0,16.2162162162162
"Moora (S)",55600,6.88679245283019,18.2648401826484,39.9799599198397,0.0,7.65957446808511
"Morawa (S)",55670,7.79014308426073,17.6470588235294,47.1947194719472,238.473767885533,0.0
"Mosman Park (T)",55740,2.29263266357548,30.3380782918149,33.0061693774537,0.0,5.85774058577406
"Mount Magnet (S)",55810,14.0762463343109,5.88235294117647,35.4330708661417,0.0,0.0
"Mount Marshall (S)",55880,3.15126050420168,6.66666666666667,41.2765957446808,0.0,8.33333333333333
"Mukinbudin (S)",55950,3.42741935483871,13.3333333333333,45.9459459459459,0.0,0.0
"Mundaring (S)",56090,3.17469718956378,32.2623828647925,40.4721253062133,8.8844137767643,9.48693126815102
"Murchison (S)",56160,24.7524752475248,0.0,27.1186440677966,1188.11881188119,0.0
"Murray (S)",56230,3.77548960226126,39.0547263681592,50.0915750915751,16.8248199744263,11.4285714285714
"Nannup (S)",56300,4.47368421052632,35.0877192982456,53.8983050847458,0.0,15.4838709677419
"Narembeen (S)",56370,3.55618776671408,12.5,42.9878048780488,0.0,7.14285714285714
"Narrogin (S)",56460,4.88308115543329,25.8845437616387,47.6709613478692,0.0,10.873440285205
"Nedlands (C)",56580,2.4120704445678,22.8723404255319,25.9019924609585,9.08311046071555,4.20433996383363
"Ngaanyatjarraku (S)",56620,46.6981132075472,0.0,59.6673596673597,747.978436657682,0.0
"Northam (S)",56730,5.63873845173622,28.125,49.3540051679587,0.0,11.0566829951015
"Northampton (S)",56790,4.22486033519553,25.9358288770053,40.3136064744563,0.0,13.7254901960784
"Nungarin (S)",56860,4.84581497797357,0.0,54.9019607843137,0.0,0.0
"Peppermint Grove (S)",56930,1.73160173160173,23.0769230769231,20.2166064981949,0.0,7.5
"Perenjori (S)",57000,1.51133501259446,18.4210526315789,36.8932038834951,0.0,16.6666666666667
"Perth (C)",57080,11.3185743826785,21.5032795603616,24.2374127159133,21.8951465758424,7.83034257748777
"Pingelly (S)",57140,5.25783619817998,36.734693877551,58.3166332665331,0.0,13.1578947368421
"Plantagenet (S)",57210,5.93431483578709,32.7956989247312,56.198347107438,0.0,13.6363636363636
"Port Hedland (T)",57280,6.72501949909004,5.95563658462473,15.3439153439153,34.6650489643817,5.03432494279176
"Quairading (S)",57350,3.84167636786962,22.2222222222222,53.8293216630197,0.0,11.2676056338028
"Ravensthorpe (S)",57420,1.79372197309417,16.5938864628821,42.3236514522822,0.0,10.6194690265487
"Rockingham (C)",57490,3.04263223067398,33.3455578985972,43.1796572692095,1.94586944984964,10.5702637654109
"Sandstone (S)",57630,null,null,null,null,null
"Serpentine-Jarrahdale (S)",57700,3.63408013612608,29.182156133829,36.0831732399141,7.69760563950897,12.1992801666982
"Shark Bay (S)",57770,3.9766081871345,12.037037037037,23.5798499464094,0.0,10.4477611940298
"South Perth (C)",57840,3.76227115945874,24.8486886348352,32.9034090909091,8.22499336694083,6.97823303457106
"Stirling (C)",57910,5.63004335549967,28.0848623853211,38.321163659928,13.9375331080699,8.59862393497558
"Subiaco (C)",57980,6.23866097032832,29.4050991501416,31.4732142857143,2.9262012055949,5.67296996662959
"Swan (C)",58050,5.10051851911586,33.3506926361837,40.6778942009927,13.3057004846501,12.6480063595665
"Tammin (S)",58190,1.81818181818182,0.0,47.0588235294118,0.0,0.0
"Three Springs (S)",58260,0.0,16.4179104477612,51.6949152542373,0.0,0.0
"Toodyay (S)",58330,2.94268167860798,36.0576923076923,50.2083333333333,0.0,13.1258457374831
"Trayning (S)",58400,6.49819494584837,20.6896551724138,46.3855421686747,0.0,18.75
"Upper Gascoyne (S)",58470,33.3333333333333,0.0,38.2113821138211,628.019323671498,0.0
"Victoria Park (T)",58510,7.43355888986957,28.1239586804399,37.9190986833175,17.6522506619594,7.48451053283767
"Victoria Plains (S)",58540,3.60248447204969,8.0,48.1182795698925,0.0,5.55555555555556
"Vincent (C)",58570,5.7683942851407,21.0332781761353,28.0368726527825,6.35727908455181,5.06212609295904
"Wagin (S)",58610,3.49428208386277,33.3333333333333,55.7071960297767,38.1194409148666,12.1495327102804
"Wandering (S)",58680,1.26582278481013,0.0,40.625,0.0,6.38297872340426
"Wanneroo (C)",58760,4.74021918119357,33.8209479227618,40.3666321467765,13.5142808471978,11.876336421953
"Waroona (S)",58820,5.46017450042218,36.996336996337,49.7506234413965,33.7742752603434,11.8198874296435
"West Arthur (S)",58890,1.8005540166205,14.0625,45.9459459459459,0.0,14.9253731343284
"Westonia (S)",59030,0.0,18.75,29.2452830188679,0.0,0.0
"Wickepin (S)",59100,4.01854714064915,12.7659574468085,53.5353535353535,0.0,6.25
"Williams (S)",59170,3.68239355581128,16.4179104477612,41.4698162729659,0.0,5.74712643678161
"Wiluna (S)",59250,43.2343234323432,11.3207547169811,37.4269005847953,1386.13861386139,0.0
"Wongan-Ballidu (S)",59310,2.09171359613838,14.8648648648649,47.9522184300341,72.4054706355591,5.83941605839416
"Woodanilling (S)",59320,1.66204986149584,19.047619047619,49.390243902439,0.0,10.8695652173913
"Wyalkatchem (S)",59330,3.72093023255814,20.3703703703704,54.1501976284585,0.0,7.89473684210526
"Wyndham-East Kimberley (S)",59340,17.7528460650058,10.196905766526,24.6590909090909,221.085629434087,7.17821782178218
"Yalgoo (S)",59350,16.5354330708661,15.7894736842105,33.3333333333333,0.0,0.0
"Yilgarn (S)",59360,3.55097365406644,11.1111111111111,41.2371134020619,0.0,9.78260869565217
"York (S)",59370,2.976,29.4573643410853,53.7025112685126,0.0,17.169373549884
"Break O'Day (M)",60210,4.48826291079812,34.0699815837937,55.3267045454545,0.0,13.0434782608696
"Brighton (M)",60410,6.39293139293139,35.0499211770888,42.4599967674156,0.0,7.67626199415937
"Burnie (C)",60610,3.75692520775623,36.0050356693244,44.8440643863179,0.0,6.80628272251309
"Central Coast (M)",60810,3.97838394235718,32.8616352201258,43.9552996952252,9.26402470406588,7.33782346685572
"Central Highlands (M)",61010,3.83202099737533,14.9350649350649,49.9,20.997375328084,12.2270742358079
"Circular Head (M)",61210,5.080667987546,19.9134199134199,39.9110263743248,11.321822813473,8.08080808080808
"Clarence (C)",61410,3.85510070183112,28.2483464902923,32.6184174500319,4.77165636121439,4.9478839633304
"Derwent Valley (M)",61510,6.28876074420629,36.3433667781494,44.6062700567761,0.0,9.51068228807719
"Devonport (C)",61610,4.41881100266193,34.3246592317224,46.6717894534627,3.99290150842946,7.92830058600483
"Dorset (M)",61810,3.73577857021566,31.0536044362292,50.5998588567396,0.0,10.2040816326531
"Flinders (M)",62010,3.67088607594937,6.2015503875969,36.5470852017937,0.0,7.35294117647059
"George Town (M)",62210,5.78111946532999,34.017971758665,50.5629838142153,0.0,7.16180371352785
"Glamorgan/Spring Bay (M)",62410,3.2551724137931,32.0413436692506,44.726368159204,0.0,10.2564102564103
"Glenorchy (C)",62610,7.14853987270685,33.9222614840989,42.5072856485505,4.44590041183077,7.57404110697524
"Hobart (C)",62810,4.83475313322332,27.6381909547739,27.8267012008477,12.7112974443602,3.88605591700369
"Huon Valley (M)",63010,5.76284959707456,35.9691417550627,44.2504515352197,0.0,10.5715513536743
"Kentish (M)",63210,6.77254472435195,34.6031746031746,47.3180873180873,0.0,9.61070559610705
"King Island (M)",63410,2.26939970717423,10.8695652173913,34.593023255814,0.0,8.44155844155844
"Kingborough (M)",63610,3.60214570409662,29.8502009499452,30.9472473767429,10.7884563517037,6.07366771159875
"Latrobe (M)",63810,3.56361362925914,30.338266384778,41.2304866850321,8.33593831405648,7.61762509335325
"Launceston (C)",64010,5.54233370430614,35.001733903595,41.3314687373496,3.42436435236709,6.79830042489378
"Meander Valley (M)",64210,3.41714285714286,33.42175066313,42.9230178045344,5.14285714285714,7.81370284834488
"Northern Midlands (M)",64610,4.34932688988609,29.2134831460674,41.5751609238925,28.4777355885399,7.50915750915751
"Sorell (M)",64810,5.67429831900814,35.7815442561205,38.2735042735043,9.12755761770746,9.26931106471816
"Southern Midlands (M)",65010,5.33213644524237,29.746835443038,43.5693338919145,10.7719928186715,10.9795479009688
"Tasman (M)",65210,4.1858090862685,25.8278145695364,50.0,0.0,12.9277566539924
"Waratah/Wynyard (M)",65410,4.10981156595192,34.7629796839729,46.1754879549851,0.0,7.50144258511252
"West Coast (M)",65610,3.35225736685591,16.9201520912548,45.0704225352113,27.0343336036767,9.06976744186047
"West Tamar (M)",65810,3.14151215294457,31.41065830721,38.3404864091559,7.68565664328946,6.53138871274572
"Alice Springs (T)",70200,10.815611348471,16.20029455081,33.2756866734486,60.4867745187461,8.6551724137931
"Barkly (R)",70420,47.8576364892882,7.66773162939297,47.8098788443616,1643.05459571527,7.40740740740741
"Belyuen (S)",70540,52.7397260273973,0.0,94.1176470588235,0.0,0.0
"Central Desert (R)",70620,62.1142682554232,1.71428571428571,63.7002341920375,1637.64130766881,0.0
"Coomalie (S)",70700,15.3333333333333,20.2797202797203,40.595399188092,161.904761904762,10.655737704918
"Darwin (C)",71000,11.1391450611913,14.3723565557418,31.137664424139,50.7511165245635,8.18601076095311
"East Arnhem (R)",71300,79.1676354336201,2.28136882129278,76.5031098825155,4404.78958381772,0.0
"Katherine (T)",72200,15.1630434782609,11.8718135469774,32.7253502511235,278.532608695652,7.3972602739726
"Litchfield (M)",72300,11.9233971690258,16.3621262458472,30.6797853309481,61.6153205661948,11.2254744290769
"MacDonnell (R)",72330,58.7815326035221,4.32503276539974,49.8430634023854,1573.060447406,0.0
"Palmerston (C)",72800,7.813155263073,16.4613015017328,34.3810730882974,7.74218523178167,8.97940291599167
"Roper Gulf (R)",73600,69.1692735488356,4.93827160493827,46.5288035450517,2824.12234966979,4.83870967741935
"Tiwi Islands (R)",74050,51.8486298390605,10.2669404517454,80.3571428571429,652.457590256633,0.0
"Victoria Daly (R)",74550,52.8024911032028,6.68449197860962,44.9001051524711,1779.35943060498,9.67741935483871
"Wagait (S)",74560,12.5,20.0,48.7562189054726,94.3396226415094,14.7727272727273
"West Arnhem (R)",74660,65.891761205133,2.9504741833509,45.1086956521739,2393.52798958527,0.0
"West Daly (R)",74680,78.1205164992826,4.6195652173913,68.1318681318681,3568.86657101865,0.0
"Unincorporated NT",79399,7.10134398837632,4.8747461069736,27.6608722171394,18.1620050853614,13.5922330097087
"Unincorporated ACT",89399,4.69074521945603,21.1593627256278,38.2532698930939,10.3296110006225,7.48094373865699
