schl_lvr_prtcptn_hghr_edctn_2019_ast_ttl_exclds_vctra_pc_in, lga_name, lga_code, prtcptn_vctnl_edctn_trnng_ttl_ppltn_2019_sr, schl_lvr_prtcptn_hghr_edctn_2019_ast_ttl_exclds_vctra_enrlld_in, fll_tme_prtcptn_scndry_schl_edctn_age_16_2016_urp_pple_agd
5.76902063554792,"Albury (C)",10050,108.2194154332,39.0,616.0
9.53752483817533,"Armidale Regional (A)",10130,98.0775947085266,44.0,440.0
5.71197766285813,"Ballina (A)",10250,108.954388401569,32.0,558.0
0.0,"Balranald (A)",10300,97.678139749166,0.0,24.0
15.4080509647323,"Bathurst Regional (A)",10470,101.829372896101,94.0,574.0
10.4176871239346,"Bega Valley (A)",10550,107.718605541027,45.0,388.0
9.25912665403483,"Bellingen (A)",10600,113.252226274514,16.0,164.0
null,"Berrigan (A)",10650,104.470568649575,null,93.0
29.5409922749643,"Blacktown (C)",10750,87.7124615705941,1423.0,4775.0
7.58196721311475,"Bland (A)",10800,106.368718673557,5.0,71.0
13.0051223676722,"Blayney (A)",10850,112.384304672596,14.0,96.0
19.4189645043643,"Blue Mountains (C)",10900,96.9703297562942,208.0,961.0
null,"Bogan (A)",10950,152.224034694543,null,31.0
45.4251624047954,"Botany Bay (C)",11100,81.295520249247,201.0,461.0
0.0,"Bourke (A)",11150,147.724135739425,0.0,28.0
null,"Brewarrina (A)",11200,129.21573706674,null,12.0
12.5022278855982,"Broken Hill (C)",11250,129.032510365878,23.0,171.0
45.4935012341823,"Burwood (A)",11300,65.6826001455811,166.0,374.0
4.80820983888909,"Byron (A)",11350,109.190896668668,20.0,364.0
11.6927988313812,"Cabonne (A)",11400,99.4041170520015,24.0,200.0
25.779056053905,"Camden (A)",11450,114.164162349695,340.0,1071.0
22.6069151294512,"Campbelltown (C)",11500,87.4426576498716,492.0,2171.0
51.4161184847195,"Canada Bay (A)",11520,57.7782788035521,385.0,784.0
43.7462212330112,"Canterbury-Bankstown (A)",11570,79.796311918403,1955.0,4319.0
null,"Carrathool (A)",11600,101.262441617367,null,29.0
19.222853351665,"Central Coast (C)",11650,100.023797254134,809.0,4028.0
0.0,"Central Darling (A)",11700,97.6105534588996,0.0,29.0
12.4233369423638,"Cessnock (C)",11720,114.668553045968,88.0,677.0
4.33933161197179,"Clarence Valley (A)",11730,112.858174340006,29.0,611.0
null,"Cobar (A)",11750,130.691284200191,null,58.0
6.90112397418834,"Coffs Harbour (C)",11800,115.038079517523,70.0,952.0
14.4920410546371,"Coolamon (A)",12000,124.101206947841,9.0,64.0
null,"Coonamble (A)",12150,113.739948131909,null,40.0
9.94274398359759,"Cowra (A)",12350,103.989220998813,16.0,167.0
37.3483673427047,"Cumberland (A)",12380,79.2476813449165,940.0,2440.0
9.72660357518402,"Dungog (A)",12700,112.252717962104,12.0,127.0
null,"Edward River (A)",12730,122.119181262637,null,108.0
12.0289216585878,"Eurobodalla (A)",12750,105.712999076482,48.0,405.0
41.860504443494,"Fairfield (C)",12850,77.2420910098793,1164.0,2793.0
4.47443181818182,"Federation (A)",12870,111.419992260931,7.0,143.0
11.0044882889823,"Forbes (A)",12900,116.500731810821,15.0,135.0
48.2488159659215,"Georges River (A)",12930,70.4985279357098,864.0,1633.0
null,"Gilgandra (A)",12950,127.315712060807,null,57.0
5.10806344300646,"Glen Innes Severn (A)",13010,115.016824304542,5.0,106.0
9.72717064884941,"Goulburn Mulwaree (A)",13310,109.718405879789,36.0,365.0
8.04756819579646,"Greater Hume Shire (A)",13340,111.639572418529,15.0,135.0
6.53231046553061,"Griffith (C)",13450,118.782318412319,23.0,355.0
10.2539335261027,"Cootamundra-Gundagai Regional(A)",13510,107.381679725708,14.0,121.0
8.11532507739938,"Gunnedah (A)",13550,140.658119041216,12.0,140.0
9.39667387575509,"Gwydir (A)",13660,119.144707079067,5.0,45.0
15.7014270583102,"Hawkesbury (C)",13800,94.7699801135572,142.0,900.0
null,"Hay (A)",13850,103.12271073453,null,31.0
13.7133317433818,"Hilltops (A)",13910,104.11363583195,34.0,229.0
44.169161917818,"Hornsby (A)",14000,67.8305463429781,938.0,2059.0
23.9185159366407,"Hunters Hill (A)",14100,56.1793530521407,80.0,279.0
35.192996412188,"Inner West (A)",14170,61.5546914748426,538.0,1358.0
5.10889627168697,"Inverell (A)",14200,134.796350008679,12.0,222.0
null,"Junee (A)",14300,135.370721311151,null,60.0
5.84714548802947,"Kempsey (A)",14350,102.51600083006,21.0,330.0
29.5319582007511,"Kiama (A)",14400,98.2014284653169,91.0,264.0
47.1540668436713,"Ku-ring-gai (A)",14500,61.0348321632558,1044.0,1973.0
null,"Kyogle (A)",14550,119.190873863035,null,97.0
9.49602562818336,"Lachlan (A)",14600,119.726229579091,7.0,68.0
23.9235319659375,"Lake Macquarie (C)",14650,105.654373128152,597.0,2541.0
38.8739543613278,"Lane Cove (A)",14700,51.2924401357535,191.0,403.0
3.70136354358974,"Leeton (A)",14750,130.470730433182,8.0,241.0
3.97840582399098,"Lismore (C)",14850,98.0098908998233,23.0,540.0
22.3185554490031,"Lithgow (C)",14870,114.174409437251,53.0,270.0
33.4580007589886,"Liverpool (C)",14900,84.7270876879531,1074.0,3082.0
5.81399937933552,"Liverpool Plains (A)",14920,123.683633725941,6.0,79.0
null,"Lockhart (A)",14950,127.866803480519,null,31.0
20.4443233627648,"Maitland (C)",15050,123.518000731088,225.0,1028.0
11.7204023430924,"Mid-Coast (A)",15240,103.190877196656,134.0,1055.0
7.55687806087657,"Mid-Western Regional (A)",15270,125.419122793625,23.0,303.0
null,"Moree Plains (A)",15300,115.9381294369,null,147.0
40.9846105952735,"Mosman (A)",15350,51.923890011457,154.0,336.0
null,"Murray River (A)",15520,103.256278039257,null,127.0
null,"Murrumbidgee (A)",15560,103.690102146862,null,53.0
17.2995463318044,"Muswellbrook (A)",15650,131.16094607019,35.0,207.0
6.63071975337453,"Nambucca (A)",15700,113.338342837629,16.0,233.0
5.95904593910576,"Narrabri (A)",15750,124.963598154675,10.0,141.0
null,"Narrandera (A)",15800,115.690721693331,null,75.0
null,"Narromine (A)",15850,117.267674991835,null,81.0
28.728427293157,"Newcastle (C)",15900,96.403040528951,503.0,1599.0
33.1580004213279,"North Sydney (A)",15950,51.1203810852235,149.0,356.0
34.603682868246,"Northern Beaches (A)",15990,77.8609563687197,1201.0,3125.0
null,"Oberon (A)",16100,96.1013496019577,null,75.0
9.85260414326158,"Orange (C)",16150,113.678580293491,55.0,543.0
9.99301187980433,"Parkes (A)",16200,126.181730733063,22.0,186.0
43.7813699490717,"Parramatta (C)",16260,74.6945321576379,1046.0,2325.0
20.6520622013358,"Penrith (C)",16350,92.2670666594462,534.0,2605.0
15.1614955005708,"Port Macquarie-Hastings (A)",16380,102.690048450942,156.0,1023.0
15.2507808550434,"Port Stephens (A)",16400,110.575339715605,130.0,845.0
19.0256786328194,"Queanbeyan-Palerang Regional (A)",16490,90.0800342030376,148.0,690.0
36.3473636052399,"Randwick (C)",16550,60.1936303504608,524.0,1155.0
4.2550018239753,"Richmond Valley (A)",16610,109.472257876742,14.0,316.0
38.7277060602035,"Rockdale (C)",16650,65.9709733309379,462.0,1018.0
42.6855525720001,"Ryde (C)",16700,63.5818642714915,507.0,1108.0
16.8206609118501,"Shellharbour (C)",16900,106.596068105544,172.0,980.0
17.0722449469129,"Shoalhaven (C)",16950,99.6048078965704,212.0,1094.0
20.0228435218752,"Singleton (A)",17000,133.597108247495,60.0,331.0
11.7058867702528,"Snowy Monaro Regional (A)",17040,96.1497655570219,25.0,233.0
7.99588371494726,"Snowy Valleys (A)",17080,133.158087713888,14.0,163.0
57.2083941690836,"Strathfield (A)",17100,56.6522104234724,250.0,452.0
40.7789630295695,"Sutherland Shire (A)",17150,84.7318573177095,1162.0,2613.0
30.5302712342967,"Sydney (C)",17200,73.7092248279917,245.0,679.0
9.28131792042899,"Tamworth Regional (A)",17310,113.697992299901,81.0,780.0
18.1032826605931,"Temora (A)",17350,119.785432950962,15.0,64.0
null,"Tenterfield (A)",17400,126.781075354785,null,91.0
43.176666012357,"The Hills Shire (A)",17420,80.0315648891948,1082.0,2284.0
4.11723685459279,"Tweed (A)",17550,103.748049606107,48.0,1097.0
11.8696162280871,"Upper Hunter Shire (A)",17620,120.13992788238,23.0,176.0
12.1633262984267,"Upper Lachlan Shire (A)",17640,99.4264468914702,11.0,96.0
9.51066069311445,"Uralla (A)",17650,102.379594793978,7.0,89.0
13.4323792585312,"Wagga Wagga (C)",17750,103.409736923883,117.0,827.0
null,"Walcha (A)",17850,98.0807186496245,null,37.0
0.0,"Walgett (A)",17900,114.121611736237,0.0,60.0
null,"Warren (A)",17950,149.562145111107,null,34.0
4.63544641157434,"Warrumbungle Shire (A)",18020,127.371950598219,6.0,115.0
34.0033338822834,"Waverley (A)",18050,70.894309779639,207.0,520.0
23.8461538461538,"Weddin (A)",18100,110.954839555712,7.0,50.0
null,"Wentworth (A)",18200,112.169637757702,null,85.0
8.79763698990406,"Dubbo Regional (A)",18230,122.484782064194,54.0,630.0
52.7199846291745,"Willoughby (C)",18250,56.2042444532729,449.0,815.0
15.6212420387464,"Wingecarribee (A)",18350,98.6555416021227,119.0,689.0
22.9478211573799,"Wollondilly (A)",18400,102.335798289974,169.0,745.0
32.6969923477875,"Wollongong (C)",18450,93.7895225474874,828.0,2400.0
44.2643752194395,"Woollahra (A)",18500,56.7075071561106,266.0,591.0
18.9954286441315,"Yass Valley (A)",18710,96.0771112172028,44.0,220.0
0.0,"Unincorporated NSW",19399,121.686081584613,0.0,4.0
null,"Alpine (S)",20110,116.023252512931,null,162.0
null,"Ararat (RC)",20260,135.546700308604,null,119.0
null,"Ballarat (C)",20570,88.1226428196186,null,1253.0
null,"Banyule (C)",20660,93.8931555170576,null,1383.0
null,"Bass Coast (S)",20740,106.776823255845,null,345.0
null,"Baw Baw (S)",20830,109.89789163465,null,649.0
null,"Bayside (C)",20910,65.260033841445,null,1344.0
null,"Benalla (RC)",21010,115.965730438742,null,172.0
null,"Boroondara (C)",21110,63.2418710006661,null,2431.0
null,"Brimbank (C)",21180,76.9529541396573,null,2446.0
null,"Buloke (S)",21270,116.734190498653,null,83.0
null,"Campaspe (S)",21370,108.131321802647,null,514.0
null,"Cardinia (S)",21450,108.482640742782,null,1197.0
null,"Casey (C)",21610,95.7950322995659,null,4245.0
null,"Central Goldfields (S)",21670,105.83167401016,null,135.0
null,"Colac-Otway (S)",21750,92.0680994560901,null,235.0
null,"Corangamite (S)",21830,103.601421299004,null,195.0
null,"Darebin (C)",21890,68.1951533279059,null,1296.0
null,"East Gippsland (S)",22110,110.660402226568,null,471.0
null,"Frankston (C)",22170,92.197184740875,null,1566.0
null,"Gannawarra (S)",22250,91.1509736597147,null,149.0
null,"Glen Eira (C)",22310,61.9455104965296,null,1577.0
null,"Glenelg (S)",22410,111.87176366874,null,255.0
null,"Golden Plains (S)",22490,105.047509307255,null,319.0
null,"Greater Bendigo (C)",22620,101.655771552174,null,1413.0
null,"Greater Dandenong (C)",22670,79.6614039834901,null,1757.0
null,"Greater Geelong (C)",22750,96.3140458323151,null,2824.0
null,"Greater Shepparton (C)",22830,109.038940147087,null,907.0
null,"Hepburn (S)",22910,88.9060496932211,null,138.0
null,"Hindmarsh (S)",22980,120.519508700717,null,68.0
null,"Hobsons Bay (C)",23110,80.7612903740954,null,926.0
null,"Horsham (RC)",23190,113.003808131311,null,235.0
null,"Hume (C)",23270,106.343585514133,null,2728.0
null,"Indigo (S)",23350,122.665541074769,null,186.0
null,"Kingston (C)",23430,75.3968655194722,null,1564.0
null,"Knox (C)",23670,85.1737861430364,null,2013.0
null,"Latrobe (C)",23810,106.285687875176,null,882.0
null,"Loddon (S)",23940,100.992537763931,null,97.0
null,"Macedon Ranges (S)",24130,98.0294655610854,null,634.0
null,"Manningham (C)",24210,68.3736615615199,null,1456.0
null,"Mansfield (S)",24250,99.6294123963292,null,71.0
null,"Maribyrnong (C)",24330,67.1870462091998,null,667.0
null,"Maroondah (C)",24410,83.4772535080852,null,1307.0
null,"Melbourne (C)",24600,38.3318462827791,null,596.0
null,"Melton (C)",24650,106.132262434769,null,1803.0
null,"Mildura (RC)",24780,108.839621111367,null,714.0
null,"Mitchell (S)",24850,106.877841534152,null,598.0
null,"Moira (S)",24900,106.674249208191,null,371.0
null,"Monash (C)",24970,62.5660704884923,null,2071.0
null,"Moonee Valley (C)",25060,93.133065003113,null,1273.0
null,"Moorabool (S)",25150,104.893407241318,null,436.0
null,"Moreland (C)",25250,70.7816686951956,null,1283.0
null,"Mornington Peninsula (S)",25340,96.4484305239444,null,1813.0
null,"Mount Alexander (S)",25430,93.5692105028389,null,185.0
null,"Moyne (S)",25490,99.8859153731889,null,215.0
null,"Murrindindi (S)",25620,109.620133534417,null,145.0
null,"Nillumbik (S)",25710,82.9851288366772,null,915.0
null,"Northern Grampians (S)",25810,109.088782191005,null,123.0
null,"Port Phillip (C)",25900,67.2421669307558,null,546.0
null,"Pyrenees (S)",25990,111.066506328982,null,87.0
null,"Queenscliffe (B)",26080,114.982647964291,null,26.0
null,"South Gippsland (S)",26170,108.951741730053,null,358.0
null,"Southern Grampians (S)",26260,114.536027178936,null,217.0
null,"Stonnington (C)",26350,47.6926609143812,null,842.0
null,"Strathbogie (S)",26430,112.320278213822,null,111.0
null,"Surf Coast (S)",26490,105.431402597489,null,372.0
null,"Swan Hill (RC)",26610,118.297160409944,null,285.0
null,"Towong (S)",26670,116.653941633921,null,61.0
null,"Wangaratta (RC)",26700,115.895684755494,null,349.0
null,"Warrnambool (C)",26730,105.984847829083,null,415.0
null,"Wellington (S)",26810,108.756825532572,null,550.0
null,"West Wimmera (S)",26890,122.338146752136,null,41.0
null,"Whitehorse (C)",26980,66.3071966523934,null,1937.0
null,"Whittlesea (C)",27070,85.4284477668677,null,2312.0
null,"Wodonga (C)",27170,125.006444747926,null,525.0
null,"Wyndham (C)",27260,103.390521164946,null,2513.0
null,"Yarra (C)",27350,56.1012547585008,null,479.0
null,"Yarra Ranges (S)",27450,96.0098391538949,null,2033.0
null,"Yarriambiack (S)",27630,123.559848959846,null,88.0
null,"Unincorporated Vic",29399,66.8977174040699,null,7.0
0.0,"Aurukun (S)",30250,54.3480602606163,0.0,20.0
16.0603773584906,"Balonne (S)",30300,93.4220834594293,8.0,57.0
15.2556708368018,"Banana (S)",30370,116.787395963664,27.0,166.0
38.006230529595,"Barcaldine (R)",30410,128.405517310038,9.0,30.0
0.0,"Barcoo (S)",30450,175.844140675606,0.0,4.0
null,"Blackall-Tambo (R)",30760,138.242808903329,null,17.0
0.0,"Boulia (S)",30900,137.285512172297,0.0,0.0
49.0091247868938,"Brisbane (C)",31000,85.6666821573488,6519.0,12533.0
0.0,"Bulloo (S)",31750,101.675636641664,0.0,3.0
17.5337954210801,"Bundaberg (R)",31820,103.712765934578,210.0,1225.0
21.8768709477598,"Burdekin (S)",31900,129.56616725296,49.0,237.0
0.0,"Burke (S)",31950,118.959699247618,0.0,0.0
19.5916882717175,"Cairns (R)",32080,118.901015683104,440.0,2152.0
null,"Carpentaria (S)",32250,87.7155621034055,null,16.0
12.4119858297609,"Cassowary Coast (R)",32260,115.430593154165,47.0,369.0
13.8363876615385,"Central Highlands (R)",32270,136.923248568767,45.0,319.0
7.86318431080955,"Charters Towers (R)",32310,128.606508240726,18.0,220.0
0.0,"Cherbourg (S)",32330,86.9412913247456,0.0,28.0
null,"Cloncurry (S)",32450,818.710531186742,null,33.0
null,"Cook (S)",32500,96.2683302236643,null,39.0
null,"Croydon (S)",32600,100.315401375997,null,0.0
0.0,"Diamantina (S)",32750,104.585657493524,0.0,3.0
0.0,"Doomadgee (S)",32770,74.5337294607743,0.0,29.0
9.94544420837521,"Douglas (S)",32810,121.8131014437,11.0,123.0
0.0,"Etheridge (S)",33100,113.94578063436,0.0,3.0
0.0,"Flinders (S)",33200,149.952443070865,0.0,12.0
17.188543187494,"Fraser Coast (R)",33220,116.085586763128,219.0,1226.0
17.2363057867329,"Gladstone (R)",33360,132.315485973653,149.0,877.0
26.2784094383803,"Gold Coast (C)",33430,103.235986309703,1935.0,6768.0
13.9408803407771,"Goondiwindi (R)",33610,110.89379768149,18.0,110.0
15.8176702565769,"Gympie (R)",33620,116.699415178475,108.0,631.0
17.6119942196532,"Hinchinbrook (S)",33800,122.306790555779,27.0,154.0
0.0,"Hope Vale (S)",33830,89.8110149087685,0.0,15.0
22.2513211090806,"Ipswich (C)",33960,116.024682117976,638.0,2753.0
14.3272766601774,"Isaac (R)",33980,137.126757493668,26.0,239.0
0.0,"Kowanyama (S)",34420,81.8295388088715,0.0,17.0
13.3928120528575,"Livingstone (S)",34530,114.207987144064,78.0,488.0
0.0,"Lockhart River (S)",34570,61.5084510437447,0.0,11.0
12.0494098198286,"Lockyer Valley (R)",34580,111.302281968102,69.0,566.0
23.1262444410721,"Logan (C)",34590,104.860136483958,1066.0,4358.0
null,"Longreach (R)",34710,132.67386943635,null,55.0
20.0914778551483,"Mackay (R)",34770,135.72077048044,313.0,1588.0
null,"McKinlay (S)",34800,155.478039247363,null,0.0
0.0,"Mapoon (S)",34830,78.9779514179901,0.0,3.0
16.9672195274605,"Maranoa (R)",34860,119.785846803106,25.0,158.0
16.0261611396381,"Mareeba (S)",34880,128.027500393764,45.0,264.0
27.5734273371838,"Moreton Bay (R)",35010,109.749256269348,1703.0,5631.0
0.0,"Mornington (S)",35250,77.6752260326012,0.0,20.0
13.4122828816014,"Mount Isa (C)",35300,79.8209247901319,28.0,234.0
17.4517374517375,"Murweh (S)",35600,130.573628884664,9.0,65.0
0.0,"Napranum (S)",35670,76.2100163116888,0.0,15.0
20.8202814142128,"Noosa (S)",35740,107.211373389992,145.0,653.0
18.7823246529353,"North Burnett (R)",35760,116.094862982781,23.0,126.0
0.0,"Northern Peninsula Area (R)",35780,117.404827265091,0.0,48.0
0.0,"Palm Island (S)",35790,0.0,0.0,46.0
0.0,"Paroo (S)",35800,123.986365507536,0.0,11.0
null,"Pormpuraaw (S)",36070,69.2298957064824,null,8.0
null,"Quilpie (S)",36150,119.890383511855,null,4.0
29.9659471274401,"Redland (C)",36250,103.614687199216,647.0,2046.0
null,"Richmond (S)",36300,121.58086487026,null,3.0
17.1309892995582,"Rockhampton (R)",36370,114.574930711073,203.0,1127.0
24.5917290588413,"Scenic Rim (R)",36510,118.535792083914,132.0,562.0
21.5856098104874,"Somerset (R)",36580,105.46446620468,73.0,277.0
15.4672544315839,"South Burnett (R)",36630,104.130703083067,67.0,399.0
14.9015374651299,"Southern Downs (R)",36660,101.41333046779,77.0,495.0
26.3327754247841,"Sunshine Coast (R)",36720,109.80329178776,1102.0,3768.0
19.5759183761513,"Tablelands (R)",36820,122.643941747102,64.0,315.0
21.7835676954449,"Toowoomba (R)",36910,117.144278483505,500.0,2334.0
0.0,"Torres (S)",36950,17.3297933059022,0.0,66.0
0.0,"Torres Strait Island (R)",36960,75.0202707985481,0.0,58.0
25.1999647880726,"Townsville (C)",37010,111.657204362186,618.0,2524.0
19.893899204244,"Weipa (T)",37300,205.366379074421,9.0,46.0
17.0864056840177,"Western Downs (R)",37310,126.040684145509,84.0,452.0
19.1501240694789,"Whitsunday (R)",37340,119.739946552395,63.0,391.0
null,"Winton (S)",37400,180.118363575348,null,9.0
0.0,"Woorabinda (S)",37550,116.155439327834,0.0,16.0
0.0,"Wujal Wujal (S)",37570,77.9645241243394,0.0,4.0
0.0,"Yarrabah (S)",37600,80.1621673577433,0.0,51.0
44.3426766679826,"Adelaide (C)",40070,156.656399393783,39.0,89.0
36.2338012526622,"Adelaide Hills (DC)",40120,78.4585762828314,218.0,587.0
21.385901276932,"Alexandrina (DC)",40220,89.2516279498997,65.0,297.0
0.0,"Anangu Pitjantjatjara (AC)",40250,10.0771631192723,0.0,32.0
23.3761570730945,"Barossa (DC)",40310,104.050160796095,77.0,346.0
null,"Barunga West (DC)",40430,106.692898023312,null,20.0
14.7865556991785,"Berri and Barmera (DC)",40520,105.936106609126,20.0,154.0
51.9395363160486,"Burnside (C)",40700,63.9218040479949,358.0,644.0
44.1182210039515,"Campbelltown (C)",40910,73.884714140544,291.0,599.0
18.7011708319622,"Ceduna (DC)",41010,129.584531652632,9.0,40.0
43.7836695424333,"Charles Sturt (C)",41060,75.8178418510904,543.0,1217.0
19.941064878128,"Clare and Gilbert Valleys (DC)",41140,105.196226139916,26.0,96.0
null,"Cleve (DC)",41190,96.7040098385792,null,20.0
0.0,"Coober Pedy (DC)",41330,129.769488544196,0.0,19.0
20.1826177450798,"Copper Coast (DC)",41560,93.1302143569351,40.0,158.0
null,"Elliston (DC)",41750,94.0277605105027,null,14.0
null,"Flinders Ranges (DC)",41830,112.41910754605,null,16.0
null,"Franklin Harbour (DC)",41960,97.6876164216707,null,13.0
28.5847033313101,"Gawler (T)",42030,95.4862358772806,80.0,282.0
22.2682407438715,"Goyder (DC)",42110,92.6640949348688,15.0,60.0
6.87267304302423,"Grant (DC)",42250,97.8216067700217,10.0,109.0
38.609647954572,"Holdfast Bay (C)",42600,79.9241122533236,149.0,351.0
8.31426392067124,"Kangaroo Island (DC)",42750,95.1809230901276,6.0,43.0
null,"Karoonda East Murray (DC)",43080,106.260007906035,null,12.0
null,"Kimba (DC)",43220,104.695240902216,null,10.0
51.4273615511551,"Kingston (DC)",43360,90.3540755339271,14.0,14.0
18.9690699624807,"Light (RegC)",43650,92.5090693544351,48.0,236.0
21.1801514995421,"Lower Eyre Peninsula (DC)",43710,65.2956226043776,17.0,77.0
17.8657894458137,"Loxton Waikerie (DC)",43790,108.094627833633,28.0,153.0
17.7103761291799,"Adelaide Plains (DC)",43920,87.2345400460577,24.0,130.0
null,"Maralinga Tjarutja (AC)",44000,null,null,null
38.5592954581317,"Marion (C)",44060,81.2096801159386,359.0,963.0
31.8293783498471,"Mid Murray (DC)",44210,99.8623487804225,23.0,83.0
49.8103446891124,"Mitcham (C)",44340,72.6074517367788,428.0,860.0
29.5438497403389,"Mount Barker (DC)",44550,91.7592673589263,143.0,459.0
11.8342341940222,"Mount Gambier (C)",44620,110.086221397867,44.0,326.0
21.5357072681704,"Mount Remarkable (DC)",44830,119.12033668751,8.0,31.0
16.8009957026051,"Murray Bridge (RC)",45040,108.992561354021,47.0,248.0
20.3405400851064,"Naracoorte and Lucindale (DC)",45090,94.1626963378982,18.0,109.0
16.400357426148,"Northern Areas (DC)",45120,116.000079072935,10.0,54.0
50.9673922945431,"Norwood Payneham St Peters (C)",45290,69.2005859283522,194.0,389.0
27.1154462123072,"Onkaparinga (C)",45340,87.5243517991948,608.0,2109.0
null,"Orroroo/Carrieton (DC)",45400,124.966570528965,null,12.0
null,"Peterborough (DC)",45540,123.533578616842,null,19.0
23.9057202194515,"Playford (C)",45680,91.6591900439886,274.0,1159.0
41.4571730241277,"Port Adelaide Enfield (C)",45890,85.7524657791148,534.0,1297.0
12.0716652327515,"Port Augusta (C)",46090,117.352982111971,21.0,162.0
16.8240289701036,"Port Lincoln (C)",46300,95.303832588773,34.0,197.0
16.0777914387892,"Port Pirie City and Dists (M)",46450,106.274262508813,47.0,241.0
53.6503138261834,"Prospect (C)",46510,61.5684464683981,106.0,199.0
13.2891959175739,"Renmark Paringa (DC)",46670,100.52035038427,18.0,113.0
null,"Robe (DC)",46860,89.5145187983532,null,9.0
16.9970576195773,"Roxby Downs (M)",46970,135.951020637511,6.0,31.0
35.4954712341074,"Salisbury (C)",47140,83.6630867695618,620.0,1712.0
null,"Southern Mallee (DC)",47290,108.989085556808,null,26.0
20.945882714876,"Streaky Bay (DC)",47490,94.6296576819816,6.0,14.0
13.9396457640449,"Tatiara (DC)",47630,108.446933292286,13.0,92.0
39.8789899448321,"Tea Tree Gully (C)",47700,80.0930667522587,497.0,1215.0
16.4701915852666,"The Coorong (DC)",47800,101.696344000974,14.0,73.0
null,"Tumby Bay (DC)",47910,75.412986154219,null,27.0
44.9374735096029,"Unley (C)",47980,63.1481639945923,211.0,387.0
22.1493162890522,"Victor Harbor (C)",48050,100.497136268456,36.0,139.0
26.6969467364532,"Wakefield (DC)",48130,91.289165535021,26.0,90.0
43.4796386783476,"Walkerville (M)",48260,55.992966542258,44.0,106.0
9.9247973950104,"Wattle Range (DC)",48340,102.707035089783,15.0,144.0
43.4754854935293,"West Torrens (C)",48410,80.635546198177,244.0,580.0
16.554112931335,"Whyalla (C)",48540,121.139135336186,51.0,290.0
null,"Wudinna (DC)",48640,96.2323930582114,null,11.0
19.7593047959184,"Yankalilla (DC)",48750,89.7375285328655,11.0,43.0
23.3722600742857,"Yorke Peninsula (DC)",48830,99.1175356342428,30.0,97.0
null,"Unincorporated SA",49399,127.78780005142,null,31.0
14.5460571799242,"Albany (C)",50080,79.1894779736181,85.0,515.0
21.7718970219154,"Armadale (C)",50210,85.1906917555064,222.0,944.0
9.65312825442602,"Ashburton (S)",50250,43.7654759468673,5.0,38.0
17.8619529794346,"Augusta-Margaret River (S)",50280,91.387675358771,36.0,164.0
31.0615731261191,"Bassendean (T)",50350,69.643618441906,44.0,147.0
36.4579308201528,"Bayswater (C)",50420,65.2052405465555,218.0,574.0
26.8405404524352,"Belmont (C)",50490,83.2658913085574,81.0,345.0
null,"Beverley (S)",50560,85.9957677753725,null,12.0
null,"Boddington (S)",50630,89.8347946363745,null,14.0
null,"Boyup Brook (S)",50770,90.3834781344725,null,15.0
11.5282685512367,"Bridgetown-Greenbushes (S)",50840,86.0641400723857,7.0,46.0
100.0,"Brookton (S)",50910,88.5452037753348,5.0,9.0
8.82346632346632,"Broome (S)",50980,89.5899049638995,19.0,183.0
null,"Broomehill-Tambellup (S)",51080,64.2102468364278,null,13.0
null,"Bruce Rock (S)",51120,94.8301312557743,null,3.0
17.5511650927768,"Bunbury (C)",51190,87.2168936194019,64.0,396.0
21.2602591898937,"Busselton (C)",51260,84.1304416039256,121.0,447.0
65.0616699450999,"Cambridge (T)",51310,51.9517087193744,260.0,372.0
40.4205684955718,"Canning (C)",51330,59.0548360546019,465.0,1152.0
20.3323380618198,"Capel (S)",51400,86.6634185910752,76.0,308.0
null,"Carnamah (S)",51470,56.8545000807157,null,0.0
null,"Carnarvon (S)",51540,81.0985793766355,null,66.0
null,"Chapman Valley (S)",51610,71.4540367176256,null,15.0
19.5220588235294,"Chittering (S)",51680,84.1766178920772,18.0,88.0
42.4210547128134,"Claremont (T)",51750,43.1369538026369,92.0,191.0
33.080049388108,"Cockburn (C)",51820,77.9764064726498,426.0,1248.0
9.38778625954198,"Collie (S)",51890,92.8590684269832,11.0,126.0
null,"Coolgardie (S)",51960,62.7486036572988,null,48.0
null,"Coorow (S)",52030,64.1933438596113,null,10.0
null,"Corrigin (S)",52100,80.1214740131679,null,7.0
80.1822846540027,"Cottesloe (T)",52170,47.9846016936581,104.0,102.0
null,"Cranbrook (S)",52240,66.7225422606645,null,4.0
null,"Cuballing (S)",52310,69.0642539329707,null,6.0
null,"Cue (S)",52380,74.8946322070152,null,0.0
null,"Cunderdin (S)",52450,53.2405987073982,null,60.0
62.5,"Dalwallinu (S)",52520,72.9030150762645,5.0,5.0
null,"Dandaragan (S)",52590,72.7811199739253,null,25.0
13.8640976737864,"Dardanup (S)",52660,82.4971700503232,28.0,198.0
19.7579031612645,"Denmark (S)",52730,76.4864839281886,20.0,101.0
null,"Derby-West Kimberley (S)",52800,103.939176575743,null,101.0
12.2368679913437,"Donnybrook-Balingup (S)",52870,91.861816356443,12.0,84.0
null,"Dowerin (S)",52940,78.6214172064339,null,0.0
null,"Dumbleyung (S)",53010,65.3228968727461,null,6.0
0.0,"Dundas (S)",53080,92.2333552127072,0.0,6.0
84.629294755877,"East Fremantle (T)",53150,54.4719569402927,78.0,89.0
null,"East Pilbara (S)",53220,53.1000936698685,null,80.0
10.9446308375185,"Esperance (S)",53290,74.6438370384139,26.0,229.0
null,"Exmouth (S)",53360,81.1430366102226,null,36.0
47.8033749487736,"Fremantle (C)",53430,73.611281669508,126.0,267.0
12.953091684435,"Gingin (S)",53570,66.7905659885825,7.0,47.0
null,"Gnowangerup (S)",53640,68.0293805532973,null,6.0
null,"Goomalling (S)",53710,71.2207445016596,null,3.0
30.0188140896232,"Gosnells (C)",53780,84.6940908483302,454.0,1550.0
13.9940675868516,"Greater Geraldton (C)",53800,88.3821541220103,78.0,591.0
0.0,"Halls Creek (S)",53920,81.7941456256648,0.0,67.0
12.4849353912735,"Harvey (S)",53990,89.5207320307129,61.0,411.0
12.4102454184975,"Irwin (S)",54060,88.4956301447541,6.0,42.0
null,"Jerramungup (S)",54130,63.6204760317061,null,0.0
33.049924624716,"Joondalup (C)",54170,68.1507170418976,741.0,2096.0
22.6266212144376,"Kalamunda (S)",54200,75.7587110328173,190.0,865.0
14.3827434383426,"Kalgoorlie/Boulder (C)",54280,99.1104661480248,49.0,387.0
9.61121454386157,"Karratha (C)",54310,119.755633724813,24.0,263.0
null,"Katanning (S)",54340,82.5148330065134,null,40.0
null,"Kellerberrin (S)",54410,71.3910361474526,null,14.0
0.0,"Kent (S)",54480,63.9595741449439,0.0,9.0
36.7647058823529,"Kojonup (S)",54550,68.303759721488,5.0,11.0
null,"Kondinin (S)",54620,85.7829147108261,null,5.0
0.0,"Koorda (S)",54690,83.0424201727886,0.0,5.0
null,"Kulin (S)",54760,79.7873313099734,null,0.0
19.6347310290367,"Kwinana (C)",54830,101.238563014197,96.0,412.0
null,"Lake Grace (S)",54900,77.3707514811065,null,6.0
0.0,"Laverton (S)",54970,22.8919597530454,0.0,6.0
0.0,"Leonora (S)",55040,39.9586492594095,0.0,0.0
22.5927870465653,"Mandurah (C)",55110,92.5884050959967,233.0,985.0
23.7924908776647,"Manjimup (S)",55180,81.4510307628458,34.0,151.0
0.0,"Meekatharra (S)",55250,48.7309846349407,0.0,8.0
51.8319315115253,"Melville (C)",55320,54.5179924283013,667.0,1203.0
0.0,"Menzies (S)",55390,17.0661926906029,0.0,11.0
19.5452346395743,"Merredin (S)",55460,69.3604908630926,8.0,36.0
null,"Mingenew (S)",55530,57.6075178064478,null,5.0
null,"Moora (S)",55600,86.7566635280302,null,29.0
0.0,"Morawa (S)",55670,61.8833702004573,0.0,20.0
52.381145751906,"Mosman Park (T)",55740,46.3989989560307,81.0,146.0
0.0,"Mount Magnet (S)",55810,61.2857592318038,0.0,3.0
0.0,"Mount Marshall (S)",55880,57.2119904120275,0.0,0.0
null,"Mukinbudin (S)",55950,55.6541417852984,null,0.0
21.8148205544106,"Mundaring (S)",56090,91.5355934778296,113.0,526.0
null,"Murchison (S)",56160,26.2755959122158,null,3.0
16.1304041283945,"Murray (S)",56230,91.1692520716401,37.0,217.0
null,"Nannup (S)",56300,75.2680827686893,null,12.0
0.0,"Narembeen (S)",56370,82.5377666383129,0.0,9.0
13.2323232323232,"Narrogin (S)",56460,69.3413679071828,13.0,99.0
62.4913197123807,"Nedlands (C)",56580,37.0079677111182,220.0,304.0
0.0,"Ngaanyatjarraku (S)",56620,19.8578791373476,0.0,28.0
10.824753535751,"Northam (S)",56730,83.4499116070774,16.0,121.0
22.5225225225225,"Northampton (S)",56790,69.090225529324,6.0,27.0
null,"Nungarin (S)",56860,54.5411271065789,null,0.0
50.1515170728291,"Peppermint Grove (S)",56930,42.7191163546586,28.0,54.0
0.0,"Perenjori (S)",57000,72.6983066589348,0.0,0.0
33.9167733812205,"Perth (C)",57080,85.4795985822617,24.0,55.0
null,"Pingelly (S)",57140,93.295360929713,null,7.0
6.38977635782748,"Plantagenet (S)",57210,83.4076649190657,5.0,60.0
9.00790739382082,"Port Hedland (T)",57280,138.548284142964,13.0,152.0
null,"Quairading (S)",57350,82.335822746993,null,3.0
null,"Ravensthorpe (S)",57420,79.3889865072005,null,5.0
21.1460786726779,"Rockingham (C)",57490,95.9573960340728,386.0,1705.0
0.0,"Sandstone (S)",57630,null,0.0,null
17.3798408978302,"Serpentine-Jarrahdale (S)",57700,91.1459469815099,68.0,373.0
0.0,"Shark Bay (S)",57770,96.669596996972,0.0,0.0
49.9024815835709,"South Perth (C)",57840,51.7531690376672,227.0,456.0
44.2773445222049,"Stirling (C)",57910,64.9268066094862,968.0,2153.0
66.5837697979151,"Subiaco (C)",57980,38.786007473079,105.0,160.0
22.3664477963822,"Swan (C)",58050,82.4832171616807,428.0,1785.0
0.0,"Tammin (S)",58190,65.5659349183431,0.0,7.0
0.0,"Three Springs (S)",58260,65.4775594615242,0.0,4.0
8.89722310884137,"Toodyay (S)",58330,82.529652976305,5.0,53.0
0.0,"Trayning (S)",58400,62.9268180176766,0.0,0.0
0.0,"Upper Gascoyne (S)",58470,74.6502061737861,0.0,8.0
39.2721743184297,"Victoria Park (T)",58510,65.9883455112836,83.0,216.0
125.0,"Victoria Plains (S)",58540,84.3141027238919,5.0,5.0
57.8732300076441,"Vincent (C)",58570,74.8679147129778,142.0,224.0
null,"Wagin (S)",58610,71.1802447967797,null,17.0
null,"Wandering (S)",58680,89.0670316242888,null,0.0
22.5100665477409,"Wanneroo (C)",58760,80.7314425332178,636.0,2701.0
18.6478758169935,"Waroona (S)",58820,86.9877166038539,11.0,50.0
null,"West Arthur (S)",58890,75.9545521463695,null,3.0
0.0,"Westonia (S)",59030,49.2973840098279,0.0,0.0
0.0,"Wickepin (S)",59100,79.8230507201796,0.0,0.0
null,"Williams (S)",59170,62.8034540284267,null,6.0
0.0,"Wiluna (S)",59250,52.2256018440322,0.0,0.0
null,"Wongan-Ballidu (S)",59310,76.5846257651612,null,13.0
0.0,"Woodanilling (S)",59320,90.1057352605408,0.0,4.0
0.0,"Wyalkatchem (S)",59330,82.3029480913807,0.0,0.0
null,"Wyndham-East Kimberley (S)",59340,102.914804724535,null,74.0
0.0,"Yalgoo (S)",59350,40.7318776435143,0.0,6.0
0.0,"Yilgarn (S)",59360,75.1175931879044,0.0,0.0
null,"York (S)",59370,86.7227904255081,null,42.0
8.74126363636364,"Break O'Day (M)",60210,77.9928939557143,5.0,63.0
14.2667844522968,"Brighton (M)",60410,87.0560059728853,34.0,235.0
14.9837127975153,"Burnie (C)",60610,81.3998590105144,43.0,304.0
14.4781802890986,"Central Coast (M)",60810,82.9676437487454,43.0,273.0
null,"Central Highlands (M)",61010,89.9351107076779,null,19.0
7.41876425425425,"Circular Head (M)",61210,86.2200599992432,8.0,94.0
21.3586580821701,"Clarence (C)",61410,79.3228971094129,136.0,617.0
9.92968514396256,"Derwent Valley (M)",61510,95.741187091021,13.0,130.0
12.9752849337391,"Devonport (C)",61610,82.9228995368651,45.0,309.0
13.8775657306122,"Dorset (M)",61810,88.3704381529681,10.0,90.0
0.0,"Flinders (M)",62010,106.175036927334,0.0,5.0
10.8331462301236,"George Town (M)",62210,93.6661604001998,11.0,85.0
18.4754521963824,"Glamorgan/Spring Bay (M)",62410,92.5671223072679,6.0,40.0
21.621589808873,"Glenorchy (C)",62610,84.4836213093021,121.0,575.0
32.7720800893125,"Hobart (C)",62810,70.994741551559,188.0,530.0
9.61900713312131,"Huon Valley (M)",63010,89.8936046308654,19.0,220.0
17.3107251204857,"Kentish (M)",63210,89.4090941530644,14.0,79.0
null,"King Island (M)",63410,81.7211881554472,null,17.0
20.5938172755833,"Kingborough (M)",63610,79.5818765001272,117.0,437.0
19.379356616048,"Latrobe (M)",63810,95.338302428929,23.0,111.0
19.1410124072782,"Launceston (C)",64010,76.249123538824,164.0,823.0
21.835466594425,"Meander Valley (M)",64210,72.4659426322727,52.0,271.0
24.5698460075342,"Northern Midlands (M)",64610,76.1474581122214,34.0,159.0
13.7431314766228,"Sorell (M)",64810,82.0061977062195,24.0,196.0
12.2242647058824,"Southern Midlands (M)",65010,84.7426023772413,9.0,89.0
null,"Tasman (M)",65210,71.7215484932464,null,14.0
12.6269531211789,"Waratah/Wynyard (M)",65410,89.852022947673,20.0,171.0
15.5612244897959,"West Coast (M)",65610,104.449657276875,5.0,43.0
19.0096265974041,"West Tamar (M)",65810,76.9286523820403,63.0,331.0
6.81724148443659,"Alice Springs (T)",70200,129.169942404367,22.0,290.0
0.0,"Barkly (R)",70420,84.7093702696805,0.0,79.0
0.0,"Belyuen (S)",70540,98.9274465686659,0.0,6.0
0.0,"Central Desert (R)",70620,45.566739202915,0.0,44.0
0.0,"Coomalie (S)",70700,97.83552740047,0.0,10.0
12.7719395169437,"Darwin (C)",71000,94.4270471346466,114.0,883.0
null,"East Arnhem (R)",71300,63.1670860109345,null,207.0
6.26462303011371,"Katherine (T)",72200,156.197678197317,7.0,130.0
7.04424205746872,"Litchfield (M)",72300,102.668138647897,20.0,277.0
0.0,"MacDonnell (R)",72330,57.9256546944359,0.0,95.0
7.52421846791243,"Palmerston (C)",72800,105.366975739178,32.0,429.0
0.0,"Roper Gulf (R)",73600,43.0658898696066,0.0,131.0
0.0,"Tiwi Islands (R)",74050,60.0696120761387,0.0,49.0
0.0,"Victoria Daly (R)",74550,49.6070943134397,0.0,47.0
0.0,"Wagait (S)",74560,91.926744864376,0.0,5.0
null,"West Arnhem (R)",74660,46.4692132488865,null,122.0
0.0,"West Daly (R)",74680,50.375421559596,0.0,69.0
null,"Unincorporated NT",79399,165.176101484035,null,49.0
24.5674941971882,"Unincorporated ACT",89399,77.6291740025629,1132.0,4355.0
