ttl_nrss_rgstrd_enrlld_mdwvs_prsn_cntd_2018_rte_pr_100000_pple, total_medical_practitioners_2018_rate_per_100000_people, lga_name, lga_code, general_medical_practitioners_2018_rate_per_100000_people
2008.66702624286,479.848234046906,"Albury (C)",10050,78.1148287983335
1563.16149412186,358.224509069593,"Armidale Regional (A)",10130,104.210766274791
895.765472312704,262.395946435034,"Ballina (A)",10250,128.935939196526
1111.11111111111,null,"Balranald (A)",10300,null
1282.22932000185,300.884136462528,"Bathurst Regional (A)",10470,74.0637874369301
1595.43495982299,308.60603237452,"Bega Valley (A)",10550,72.7844415977641
1087.71117796806,254.570701226568,"Bellingen (A)",10600,169.713800817712
1010.68106121511,91.8800964741013,"Berrigan (A)",10650,68.910072355576
609.493253013363,236.26730398817,"Blacktown (C)",10750,80.75649189434
668.337510442774,66.8337510442774,"Bland (A)",10800,66.8337510442774
490.329610460365,95.3418687006265,"Blayney (A)",10850,68.1013347861618
696.442089326268,196.820590461771,"Blue Mountains (C)",10900,84.5319202624274
1030.14116749332,190.766882869134,"Bogan (A)",10950,190.766882869134
1723.84131025703,580.921905286217,"Botany Bay (C)",11100,86.0200254619275
1520.91254752852,304.182509505703,"Bourke (A)",11150,190.114068441065
1329.30513595166,null,"Brewarrina (A)",11200,null
2063.8321867599,439.833088981617,"Broken Hill (C)",11250,118.416600879666
704.50784736499,453.793310936168,"Burwood (A)",11300,115.328686757258
702.84028460693,332.619887776942,"Byron (A)",11350,130.155608260543
818.713450292398,73.0994152046784,"Cabonne (A)",11400,51.1695906432749
349.408978430102,142.312471457853,"Camden (A)",11450,89.2108030034304
1043.77925406955,383.016432832359,"Campbelltown (C)",11500,96.9436002355194
1686.65076345905,682.016414632352,"Canada Bay (A)",11520,101.934656732416
602.785005789838,247.639270346668,"Canterbury-Bankstown (A)",11570,83.7052825253857
713.775874375446,null,"Carrathool (A)",11600,null
1315.31631617877,351.998409575292,"Central Coast (C)",11650,95.016181986686
1469.78769733261,null,"Central Darling (A)",11700,null
664.963367794115,116.749293582173,"Cessnock (C)",11720,54.1445999221671
1121.07189188143,240.091389625729,"Clarence Valley (A)",11730,87.1299397835305
825.921219822109,84.7098686997035,"Cobar (A)",11750,null
1657.71838382255,419.328290943293,"Coffs Harbour (C)",11800,95.3612624263563
526.556776556777,null,"Coolamon (A)",12000,null
1245.64025909317,99.6512207274539,"Coonamble (A)",12150,null
908.592464948696,148.821179603666,"Cowra (A)",12350,54.8288556434558
2315.39133701713,881.410594656659,"Cumberland (A)",12380,99.2009050499593
395.891290391611,74.8983522362508,"Dungog (A)",12700,null
1289.60533629794,144.524735964425,"Edward River (A)",12730,77.8210116731518
1214.47973255328,216.778102799833,"Eurobodalla (A)",12750,107.083159214375
413.556682430251,180.42656638748,"Fairfield (C)",12850,80.7171481207149
802.439415824105,112.341518215375,"Federation (A)",12870,56.1707591076874
1180.62563067608,110.998990918264,"Forbes (A)",12900,70.635721493441
401.487270454703,140.773052376413,"Georges River (A)",12930,66.2832757826161
1159.48887837198,94.6521533364884,"Gilgandra (A)",12950,null
1066.45711719802,123.48450830714,"Glen Innes Severn (A)",13010,101.032779524023
1565.53870089459,275.508881109815,"Goulburn Mulwaree (A)",13310,48.6192143134967
767.359161519745,84.2223469960696,"Greater Hume Shire (A)",13340,null
1290.82657540362,264.117253180567,"Griffith (C)",13450,74.399226248047
976.909413854352,150.976909413854,"Cootamundra-Gundagai Regional(A)",13510,97.6909413854352
813.521838717321,126.372324460943,"Gunnedah (A)",13550,47.3896216728536
990.839409235371,112.170499158721,"Gwydir (A)",13660,74.7803327724808
821.370540971632,248.945336374342,"Hawkesbury (C)",13800,86.4600569443823
805.63947633434,null,"Hay (A)",13850,null
974.337131295922,138.430412096688,"Hilltops (A)",13910,53.242466191034
830.503077902781,331.007217151348,"Hornsby (A)",14000,112.76798981108
1214.03179287679,167.683949292374,"Hunters Hill (A)",14100,46.9515058018646
399.446531733527,196.945824748515,"Inner West (A)",14170,89.8880943723993
902.398480170981,160.294466872477,"Inverell (A)",14200,83.1156494894324
904.840898808626,120.645453174483,"Junee (A)",14300,null
1196.69644362043,198.887577953818,"Kempsey (A)",14350,67.4195179504467
308.615143875511,147.787533686864,"Kiama (A)",14400,69.5470746761714
1224.94962156673,361.772686162195,"Ku-ring-gai (A)",14500,110.27720038716
755.355129650507,101.465614430665,"Kyogle (A)",14550,56.369785794814
1072.99626077061,162.575191025849,"Lachlan (A)",14600,81.2875955129247
889.64150814488,242.540773202417,"Lake Macquarie (C)",14650,91.7458055574534
731.904978979892,298.840095223624,"Lane Cove (A)",14700,88.6390112951426
690.680188844203,139.884595208953,"Leeton (A)",14750,61.1995104039168
2987.93421982985,741.281390415802,"Lismore (C)",14850,93.5154984832242
970.604547975596,198.742836014051,"Lithgow (C)",14870,83.1946755407654
1250.31347400853,484.093433167341,"Liverpool (C)",14900,61.3513416687565
848.853414417839,114.025085518814,"Liverpool Plains (A)",14920,null
971.168437025797,null,"Lockhart (A)",14950,null
1175.43838563513,329.315048736223,"Maitland (C)",15050,64.9015059553141
1199.51119114999,259.411714261213,"Mid-Coast (A)",15240,63.2450047165766
940.76377262218,127.561189508092,"Mid-Western Regional (A)",15270,83.7120306146855
988.76404494382,172.284644194757,"Moree Plains (A)",15300,82.3970037453183
514.946400233183,291.479094471613,"Mosman (A)",15350,168.410143472488
511.635583429609,33.0087473180393,"Murray River (A)",15520,null
631.153749053269,null,"Murrumbidgee (A)",15560,null
824.024903863761,158.701092595984,"Muswellbrook (A)",15650,79.3505462979918
996.308096899813,166.894249734486,"Nambucca (A)",15700,80.9184241136904
1148.81717179352,68.0220693825108,"Narrabri (A)",15750,52.9060539641751
1298.26336199629,84.3028157140448,"Narrandera (A)",15800,null
807.065631186234,91.3659205116492,"Narromine (A)",15850,null
3091.33232584215,952.444791108078,"Newcastle (C)",15900,139.545653975528
1206.65480235129,477.269050315483,"North Sydney (A)",15950,109.205630156933
661.314223785194,242.555607163132,"Northern Beaches (A)",15990,89.9446324434713
924.556213017751,129.437869822485,"Oberon (A)",16100,73.9644970414201
2667.87140954917,703.823473463953,"Orange (C)",16150,118.889100247289
1315.96616087015,181.281052772929,"Parkes (A)",16200,73.8552437223043
372.446888516619,165.929863794263,"Parramatta (C)",16260,71.6244016378113
1147.65068591368,412.504182400459,"Penrith (C)",16350,76.0001911954495
1537.3326436588,433.051448917973,"Port Macquarie-Hastings (A)",16380,111.87162430381
408.55629685673,163.697640828117,"Port Stephens (A)",16400,83.9122360547493
476.992611617939,166.780633432846,"Queanbeyan-Palerang Regional (A)",16490,88.3937357194083
2428.28898324312,894.564548018021,"Randwick (C)",16550,98.531747317927
636.779349544852,128.21060729091,"Richmond Valley (A)",16610,64.1053036454549
1723.84131025703,580.921905286217,"Rockdale (C)",16650,86.0200254619275
1277.40376316244,489.61913280919,"Ryde (C)",16700,98.8654018172402
906.699889258029,214.562569213732,"Shellharbour (C)",16900,80.2879291251384
1267.59348861274,318.096022841594,"Shoalhaven (C)",16950,81.4402468118539
721.543847664589,183.588079583298,"Singleton (A)",17000,102.467765348817
848.888245791733,197.75237544012,"Snowy Monaro Regional (A)",17040,144.696860078136
990.916597853014,130.745939994495,"Snowy Valleys (A)",17080,41.2881915772089
695.567419090446,210.44237201781,"Strathfield (A)",17100,75.3162173537425
842.447854179301,272.235867948153,"Sutherland Shire (A)",17150,95.544319039496
2556.72712287026,1248.80842862435,"Sydney (C)",17200,160.263748340125
1954.75899350023,505.18051354656,"Tamworth Regional (A)",17310,75.6161915181157
1131.65444692381,95.6327701625757,"Temora (A)",17350,63.7551801083838
934.016269960832,135.583006929798,"Tenterfield (A)",17400,null
750.842160801981,304.97527149177,"The Hills Shire (A)",17420,111.32177210346
1416.11520372914,342.323219711158,"Tweed (A)",17550,92.6041536604653
829.817158931083,140.646976090014,"Upper Hunter Shire (A)",17620,70.323488045007
1180.75618640874,364.275844743123,"Upper Lachlan Shire (A)",17640,175.857304358749
263.939293962389,null,"Uralla (A)",17650,null
2182.96821968528,524.529466214131,"Wagga Wagga (C)",17750,87.935822277075
670.498084291188,null,"Walcha (A)",17850,null
1289.04313336639,214.840522227731,"Walgett (A)",17900,115.683358122624
1202.18579234973,null,"Warren (A)",17950,null
1074.58240238323,117.033726992233,"Warrumbungle Shire (A)",18020,74.4760080859666
423.671640985509,368.351458563834,"Waverley (A)",18050,140.324365167175
1045.10451045105,null,"Weddin (A)",18100,null
809.42913944902,null,"Wentworth (A)",18200,null
1692.3365890308,428.249436513899,"Dubbo Regional (A)",18230,82.6446280991735
4215.88518652211,1626.85619686578,"Willoughby (C)",18250,154.345958998743
1051.63091913731,316.875606519716,"Wingecarribee (A)",18350,89.12126433367
181.887803944093,67.0112961899292,"Wollondilly (A)",18400,30.6337354011105
1421.75488612539,436.430617713622,"Wollongong (C)",18450,99.5043295953645
496.913370870362,381.588766026728,"Woollahra (A)",18500,154.331456481921
365.71698224503,129.770542086946,"Yass Valley (A)",18710,41.2906270276647
2685.18518518519,648.148148148148,"Unincorporated NSW",19399,462.962962962963
1602.5137470542,157.109190887667,"Alpine (S)",20110,86.4100549882168
2017.80415430267,127.172530733362,"Ararat (RC)",20260,59.3471810089021
2368.50687165153,477.055672024226,"Ballarat (C)",20570,86.6526904262753
3928.22316238857,1076.4989979806,"Banyule (C)",20660,110.567657424541
1157.75469187873,203.810116907748,"Bass Coast (S)",20740,65.1060095677527
1297.70258579256,259.540517158512,"Baw Baw (S)",20830,69.2108045756032
1102.93422123006,328.231710777729,"Bayside (C)",20910,156.075597343877
1518.8248716486,199.657729606389,"Benalla (RC)",21010,99.8288648031945
1101.00447352018,366.266017243186,"Boroondara (C)",21110,140.659389152127
1137.44166658681,295.619843422099,"Brimbank (C)",21180,82.409421505026
2312.4191461837,113.195342820181,"Buloke (S)",21270,80.8538163001294
1920.62140881039,215.4713768887,"Campaspe (S)",21370,101.08533730581
340.739357729649,112.957430918596,"Cardinia (S)",21450,71.882001493652
640.681043067514,178.015915680382,"Casey (C)",21610,70.7951083811421
1854.79597244303,105.988341282459,"Central Goldfields (S)",21670,68.1353622530093
1543.97060875227,199.972096916709,"Colac-Otway (S)",21750,69.757708226759
1629.49194547708,136.307311028501,"Corangamite (S)",21830,68.1536555142503
358.890903353155,114.473822621265,"Darebin (C)",21890,66.2091838944613
1347.77222435815,211.457131872357,"East Gippsland (S)",22110,102.524669998718
2210.15897634742,515.351263703338,"Frankston (C)",22170,102.224258874123
1649.7582250877,94.8136910969944,"Gannawarra (S)",22250,75.8509528775955
1034.070376581,279.478480157028,"Glen Eira (C)",22310,101.392192801154
1805.23773201119,203.407068395627,"Glenelg (S)",22410,55.9369438087974
233.56401384083,73.5294117647059,"Golden Plains (S)",22490,43.2525951557093
2173.29484251799,411.047438493688,"Greater Bendigo (C)",22620,82.7265285018743
1543.10209881152,367.261911929389,"Greater Dandenong (C)",22670,86.6978939636591
1914.22465575278,455.163609114374,"Greater Geelong (C)",22750,97.5350590959372
2063.41751632403,446.922296120109,"Greater Shepparton (C)",22830,87.8694683897162
1321.78092587908,183.405008854035,"Hepburn (S)",22910,88.5403491019479
2604.07440212578,88.5739592559787,"Hindmarsh (S)",22980,null
588.784077951695,164.818078159013,"Hobsons Bay (C)",23110,82.9273349227739
2450.31446540881,246.540880503145,"Horsham (RC)",23190,70.440251572327
400.188953358824,131.910835405581,"Hume (C)",23270,62.8359047033343
1194.66343238326,109.157064887811,"Indigo (S)",23350,66.7070952092177
807.680305450006,172.549883437047,"Kingston (C) (Vic.)",23430,67.3066921208339
1234.65867661746,265.313750359981,"Knox (C)",23670,86.395470671495
1768.35835183683,348.353299384399,"Latrobe (C) (Vic.)",23810,73.1276010158088
1104.75176360974,53.2410488486623,"Loddon (S)",23940,null
678.302421640884,214.627034907265,"Macedon Ranges (S)",24130,97.1896007127237
497.179462663735,167.320011473372,"Manningham (C)",24210,105.172578640405
1347.58881835394,200.467758102239,"Mansfield (S)",24250,133.645172068159
1633.71157823323,561.348988368149,"Maribyrnong (C)",24330,86.4455557136135
1350.66128785171,299.579567311784,"Maroondah (C)",24410,82.5545966739859
6234.37141461865,2479.98070145504,"Melbourne (C)",24600,171.215749495472
337.559742969632,107.840447186896,"Melton (C)",24650,63.8109154952046
1495.09141673422,302.620913266685,"Mildura (RC)",24780,63.046023597226
871.351497776474,162.531885595612,"Mitchell (S)",24850,72.2363935980496
1332.25947179436,137.588509681533,"Moira (S)",24900,73.827980804725
2201.15255626584,734.217326329363,"Monash (C)",24970,93.4640163537038
450.411704448598,198.619050225597,"Moonee Valley (C)",25060,90.7079127014537
799.227121025821,155.161309210141,"Moorabool (S)",25150,79.0444405410153
634.475168523868,177.190810290274,"Moreland (C)",25250,86.3942770669968
942.576980135326,208.054419799544,"Mornington Peninsula (S)",25340,95.8859499945725
1752.58788562058,215.230091216562,"Mount Alexander (S)",25430,122.988623552321
621.78006750755,65.1388642150767,"Moyne (S)",25490,41.4520045005033
904.82110788783,89.7914076529907,"Murrindindi (S)",25620,41.4421881475342
349.54805130811,167.844658998168,"Nillumbik (S)",25710,106.250288723611
1810.86519114688,192.459102440731,"Northern Grampians (S)",25810,104.977692240399
340.106007067138,188.162544169611,"Port Phillip (C)",25900,106.890459363958
1550.38759689922,108.799129606963,"Pyrenees (S)",25990,null
1408.45070422535,402.414486921529,"Queenscliffe (B)",26080,234.741784037559
1149.58074114147,175.818230998107,"South Gippsland (S)",26170,87.9091154990533
2305.54694762938,285.094515029439,"Southern Grampians (S)",26260,86.7678958785249
2699.4931458518,835.577891176952,"Stonnington (C)",26350,146.29067095786
986.378581493659,150.305307656177,"Strathbogie (S)",26430,56.3644903710662
613.93445164491,145.731915289448,"Surf Coast (S)",26490,77.5169762177917
1517.41413362879,211.95625993545,"Swan Hill (RC)",26610,52.9890649838624
1684.83647175421,165.180046250413,"Towong (S)",26670,115.626032375289
2898.20194588648,464.124866778973,"Wangaratta (RC)",26700,113.452745212638
2699.2140439447,542.137570994206,"Warrnambool (C)",26730,97.5273937238254
1431.20016356573,252.163838342534,"Wellington (S)",26810,90.8698516549672
2149.14552045572,null,"West Wimmera (S)",26890,null
2064.74607823106,589.684215305682,"Whitehorse (C)",26980,110.672205952462
996.319216199031,298.22408898362,"Whittlesea (C)",27070,60.8986127654239
1754.80943300587,282.410871611673,"Wodonga (C)",27170,91.7231890704579
639.19286234637,189.564549862527,"Wyndham (C)",27260,74.8074979829392
4454.88779042032,1486.99262086256,"Yarra (C)",27350,139.056647821277
401.459161803848,137.191556081,"Yarra Ranges (S)",27450,87.8784621901336
2282.96785821568,60.0781015319916,"Yarriambiack (S)",27630,60.0781015319916
null,null,"Unincorporated Vic",29399,null
1953.69030390738,434.153400868307,"Aurukun (S)",30250,null
1730.50299953853,276.880479926165,"Balonne (S)",30300,184.586986617443
1091.59610943951,125.95339724302,"Banana (S)",30370,69.9741095794556
2208.97615708275,210.378681626928,"Barcaldine (R)",30410,140.252454417952
null,null,"Barcoo (S)",30450,null
1932.36714975845,214.707461084273,"Blackall-Tambo (R)",30760,null
1176.47058823529,null,"Boulia (S)",30900,null
1952.89885961814,622.115045002253,"Brisbane (C)",31000,121.711100555779
null,null,"Bulloo (S)",31750,null
1380.87343392584,374.598644309668,"Bundaberg (R)",31820,82.8943778724476
749.546173215436,169.819054869122,"Burdekin (S)",31900,76.1257832171927
1136.36363636364,null,"Burke (S)",31950,null
1732.0646428032,542.516236218094,"Cairns (R)",32080,121.431807884005
1317.12259371834,405.268490374873,"Carpentaria (S)",32250,405.268490374873
865.640472902422,165.044292498905,"Cassowary Coast (R)",32260,87.5745225504396
624.890905917263,167.568511083959,"Central Highlands (R)",32270,76.8022342468145
1122.36286919831,135.021097046414,"Charters Towers (R)",32310,42.1940928270042
2965.77946768061,532.319391634981,"Cherbourg (S)",32330,null
1682.30346166289,226.463927531543,"Cloncurry (S)",32450,null
1932.77754134636,426.366525097231,"Cook (S)",32500,291.724464540211
null,null,"Croydon (S)",32600,null
1712.32876712329,null,"Diamantina (S)",32750,null
1526.21101526211,null,"Doomadgee (S)",32770,null
889.287753936526,195.806477930978,"Douglas (S)",32810,122.379048706861
995.02487562189,null,"Etheridge (S)",33100,null
1334.22281521014,null,"Flinders (S)",33200,null
1204.21380010051,348.937542076368,"Fraser Coast (R)",33220,86.2861856764932
681.17944076597,187.364041982248,"Gladstone (R)",33360,52.3984185204592
1402.99353630841,402.126656712384,"Gold Coast (C)",33430,109.101576534262
1332.96047725578,205.070842654735,"Goondiwindi (R)",33610,93.214019388516
914.976931725662,219.051680688559,"Gympie (R)",33620,85.294459737138
971.772327626099,277.6492364646,"Hinchinbrook (S)",33800,138.8246182323
1017.57631822387,null,"Hope Vale (S)",33830,null
1068.63011262041,322.040086501465,"Ipswich (C)",33960,93.6163042155422
544.568644310691,76.4306869207987,"Isaac (R)",33980,57.323015190599
1842.37461617195,614.124872057318,"Kowanyama (S)",34420,409.416581371546
486.210744460386,103.618683245656,"Livingstone (S)",34530,63.7653435357883
1150.89514066496,null,"Lockhart River (S)",34570,null
397.454341518129,148.740581795128,"Lockyer Valley (R)",34580,53.6441442539806
739.402660624895,247.998407911455,"Logan (C)",34590,91.8512621894279
2662.8895184136,509.915014164306,"Longreach (R)",34710,198.300283286119
1191.01759925862,356.962047040047,"Mackay (R)",34770,88.3824299161654
2579.85257985258,null,"McKinlay (S)",34800,null
null,null,"Mapoon (S)",34830,null
1704.32335235713,257.993901962317,"Maranoa (R)",34860,140.7239465249
897.099968912377,204.290091930541,"Mareeba (S)",34880,119.909401785318
821.175625836352,251.748860384912,"Moreton Bay (R)",35010,97.4792475820577
null,null,"Mornington (S)",35250,null
1742.76936116114,513.825617120458,"Mount Isa (C)",35300,158.915139315605
2153.77489578509,370.541917554423,"Murweh (S)",35600,277.906438165818
null,null,"Napranum (S)",35670,null
917.480900865105,321.479528255883,"Noosa (S)",35740,157.127634596977
1100.86563793752,131.72751223184,"North Burnett (R)",35760,75.2728641324802
651.67807103291,195.503421309873,"Northern Peninsula Area (R)",35780,130.335614206582
1554.79711793705,341.296928327645,"Palm Island (S)",35790,null
1387.13745271122,null,"Paroo (S)",35800,null
840.336134453781,null,"Pormpuraaw (S)",36070,null
2025.3164556962,null,"Quilpie (S)",36150,null
921.823502036809,256.912082517866,"Redland (C)",36250,107.099825962783
3970.22332506203,1488.83374689826,"Richmond (S)",36300,868.48635235732
2088.39601810848,509.455142043001,"Rockhampton (R)",36370,94.9831620758138
608.223939130639,183.171688232393,"Scenic Rim (R)",36510,75.147359274828
413.334878510449,123.614169274153,"Somerset (R)",36580,27.040599528721
933.804331131931,181.231761634158,"South Burnett (R)",36630,98.2951927507295
999.971910901379,188.196960759529,"Southern Downs (R)",36660,103.929664897053
1531.93590937791,446.983952338382,"Sunshine Coast (R)",36720,112.527428560712
1174.58204455581,215.340041501899,"Tablelands (R)",36820,133.119298382992
1786.98175441526,415.729733921041,"Toowoomba (R)",36910,100.204584359734
3170.47817047817,467.775467775468,"Torres (S)",36950,311.850311850312
480.576692030437,null,"Torres Strait Island (R)",36960,null
1774.08384517086,535.368316913311,"Townsville (C)",37010,105.630899872212
1674.52830188679,306.603773584906,"Weipa (T)",37300,141.509433962264
916.818986276729,139.263643485073,"Western Downs (R)",37310,78.3357994603534
679.029957203994,188.30242510699,"Whitsunday (R)",37340,85.5920114122682
1815.03889369058,345.721694036301,"Winton (S)",37400,null
2587.06467661692,null,"Woorabinda (S)",37550,null
1960.78431372549,null,"Wujal Wujal (S)",37570,null
983.14606741573,386.23595505618,"Yarrabah (S)",37600,175.561797752809
28406.0659837057,8235.86351536662,"Adelaide (C)",40070,483.988061627813
453.012533346756,176.171540745961,"Adelaide Hills (DC)",40120,108.219660743947
665.754336649776,159.041313755224,"Alexandrina (DC)",40220,96.1645152938566
195.46520719312,null,"Anangu Pitjantjatjara (AC)",40250,null
951.306030312802,169.300225733634,"Barossa (DC)",40310,128.990648178007
1293.61034888279,156.801254410035,"Barunga West (DC)",40430,null
2110.01566387174,276.421266009398,"Berri and Barmera (DC)",40520,119.782548604073
1636.54662407561,551.349932175207,"Burnside (C)",40700,124.710103706297
738.30849637646,172.91962151975,"Campbelltown (C)",40910,87.4312693077386
1356.03000577034,288.517022504328,"Ceduna (DC)",41010,230.813618003462
1598.20074628137,444.701913410915,"Charles Sturt (C)",41060,92.8592118041949
1311.44045207378,223.904467427231,"Clare and Gilbert Valleys (DC)",41140,106.621174965348
1667.59310728182,222.345747637576,"Cleve (DC)",41190,null
1788.61788617886,null,"Coober Pedy (DC)",41330,null
1210.32813340506,181.549220010758,"Copper Coast (DC)",41560,80.6885422270038
1962.70853778214,null,"Elliston (DC)",41750,null
2185.46958062611,null,"Flinders Ranges (DC)",41830,null
1673.00380228137,null,"Franklin Harbour (DC)",41960,null
1369.8059788492,278.957448580232,"Gawler (T)",42030,124.906320259805
1188.7779362815,null,"Goyder (DC)",42110,null
140.99400775467,null,"Grant (DC)",42250,null
1228.66709872543,272.737092244545,"Holdfast Bay (C)",42600,156.621300496868
1155.48347861342,182.444759781066,"Kangaroo Island (DC)",42750,121.629839854044
1258.9928057554,null,"Karoonda East Murray (DC)",43080,null
1863.93289841566,null,"Kimba (DC)",43220,null
1095.19797809604,null,"Kingston (DC)",43360,null
410.7177782124,52.1546385031619,"Light (RegC)",43650,32.5966490644762
607.533414337789,86.7904877625412,"Lower Eyre Peninsula (DC)",43710,null
1066.00716356814,127.920859628177,"Loxton Waikerie (DC)",43790,85.2805730854511
121.426205983,55.1937299922729,"Adelaide Plains (DC)",43920,null
null,null,"Maralinga Tjarutja (AC)",44000,null
586.081379728734,123.499588334706,"Marion (C)",44060,84.4997183342722
690.19258599577,89.0571078704219,"Mid Murray (DC)",44210,55.6606924190137
5558.11636655614,1414.06331316075,"Mitcham (C)",44340,139.770716547961
914.333942889295,213.813475875651,"Mount Barker (DC)",44550,115.346743564496
1769.94406829556,356.932587577274,"Mount Gambier (C)",44620,95.6726523403003
1134.0206185567,null,"Mount Remarkable (DC)",44830,null
1010.60230092488,162.418226934356,"Murray Bridge (RC)",45040,81.209113467178
1183.63998593695,199.226532286417,"Naracoorte and Lucindale (DC)",45090,70.3152466893238
1716.27199652401,130.349771887899,"Northern Areas (DC)",45120,108.624809906583
1327.89115646259,609.52380952381,"Norwood Payneham St Peters (C)",45290,223.12925170068
704.41835919505,166.774545306113,"Onkaparinga (C)",45340,90.9679338033343
3747.07259953162,null,"Orroroo/Carrieton (DC)",45400,null
1352.94117647059,null,"Peterborough (DC)",45540,null
2202.81292145655,567.293901055381,"Playford (C)",45680,74.9256095733522
870.599429115128,179.194418014589,"Port Adelaide Enfield (C)",45890,84.8398350777038
1836.61891930223,290.738902283364,"Port Augusta (C)",46090,113.459083817898
1661.42485983864,225.625598249692,"Port Lincoln (C)",46300,109.394229454396
1627.90697674419,170.164492342598,"Port Pirie City and Dists (M)",46450,85.0822461712989
451.573451244179,131.708923279552,"Prospect (C)",46510,94.0778023425373
607.964332759145,91.1946499138717,"Renmark Paringa (DC)",46670,60.7964332759145
null,null,"Robe (DC)",46860,null
697.558545092177,149.476831091181,"Roxby Downs (M)",46970,99.6512207274539
507.172670197468,164.848654905124,"Salisbury (C)",47140,97.5062256672863
2244.50811843362,null,"Southern Mallee (DC)",47290,null
1219.51219512195,null,"Streaky Bay (DC)",47490,null
1265.82278481013,117.750956726523,"Tatiara (DC)",47630,58.8754783632617
902.762453106506,258.791903223865,"Tea Tree Gully (C)",47700,106.3253555881
1116.60259930441,109.829763866008,"The Coorong (DC)",47800,91.5248032216731
1116.07142857143,223.214285714286,"Tumby Bay (DC)",47910,148.809523809524
1790.77787712352,482.820283561119,"Unley (C)",47980,217.141397368757
1770.7240293809,301.678908709339,"Victor Harbor (C)",48050,229.538300104932
1276.78309363076,88.0540064572938,"Wakefield (DC)",48130,58.7026709715292
1988.9224572004,478.348439073515,"Walkerville (M)",48260,100.704934541793
939.240295902253,141.301637436622,"Wattle Range (DC)",48340,74.8067492311528
2006.48864487147,286.165876382996,"West Torrens (C)",48410,71.5414690957491
1488.56013966737,179.178535330332,"Whyalla (C)",48540,64.3204998621704
1777.4343122102,null,"Wudinna (DC)",48640,null
547.645125958379,146.038700255568,"Yankalilla (DC)",48750,null
1438.91242937853,141.242937853107,"Yorke Peninsula (DC)",48830,105.932203389831
994.318181818182,null,"Unincorporated SA",49399,null
1583.56685877439,383.334214561413,"Albany (C)",50080,140.115264632792
1073.78414770523,287.559622977383,"Armadale (C)",50210,74.172124974325
427.638982669368,82.5268212168955,"Ashburton (S)",50250,45.0146297546703
630.573248407643,178.343949044586,"Augusta-Margaret River (S)",50280,140.127388535032
171.548382997649,44.4755067030942,"Bassendean (T)",50350,null
309.239066713565,130.437331457381,"Bayswater (C)",50420,92.3320436158987
428.812334377258,171.043122139244,"Belmont (C)",50490,86.7260900987714
572.0823798627,null,"Beverley (S)",50560,null
981.996726677578,null,"Boddington (S)",50630,null
1195.89977220957,null,"Boyup Brook (S)",50770,null
1101.22829309615,148.242270224481,"Bridgetown-Greenbushes (S)",50840,127.064803049555
1450.77720207254,null,"Brookton (S)",50910,null
2029.25908447381,654.789995280793,"Broome (S)",50980,271.354412458707
null,null,"Broomehill-Tambellup (S)",51080,null
1382.97872340426,null,"Bruce Rock (S)",51120,null
3338.99798590131,900.050352467271,"Bunbury (C)",51190,154.20443101712
924.831732004316,251.759749267842,"Busselton (C)",51260,141.293736833993
1264.43514297117,614.892655394194,"Cambridge (T)",51310,182.574260151183
1085.35470338299,257.086000107567,"Canning (C)",51330,139.837573280267
105.426700699145,61.0365109310842,"Capel (S)",51400,44.3901897680613
null,null,"Carnamah (S)",51470,null
1491.98060425214,391.644908616188,"Carnarvon (S)",51540,261.096605744125
null,null,"Chapman Valley (S)",51610,null
104.493207941484,null,"Chittering (S)",51680,null
3073.61733931241,831.464872944694,"Claremont (T)",51750,298.953662182362
337.895065305577,147.104711808496,"Cockburn (C)",51820,87.3712833771676
902.444596755769,114.233493260224,"Collie (S)",51890,null
228.180262407302,null,"Coolgardie (S)",51960,null
null,null,"Coorow (S)",52030,null
1308.90052356021,null,"Corrigin (S)",52100,null
659.501709819248,415.2418172936,"Cottesloe (T)",52170,207.6209086468
null,null,"Cranbrook (S)",52240,null
null,null,"Cuballing (S)",52310,null
null,null,"Cue (S)",52380,null
1180.55555555556,null,"Cunderdin (S)",52450,null
1327.7428371768,null,"Dalwallinu (S)",52520,null
398.895366676895,null,"Dandaragan (S)",52590,null
264.476614699332,111.358574610245,"Dardanup (S)",52660,41.7594654788419
714.982125446864,178.745531361716,"Denmark (S)",52730,113.747156321092
1877.64990914597,411.871592973955,"Derby-West Kimberley (S)",52800,290.732889158086
577.367205542725,65.9848234905972,"Donnybrook-Balingup (S)",52870,null
null,null,"Dowerin (S)",52940,null
887.573964497041,null,"Dumbleyung (S)",53010,null
1632.65306122449,null,"Dundas (S)",53080,null
371.271284086545,243.246703367046,"East Fremantle (T)",53150,128.024580719498
464.904284412033,54.6946216955333,"East Pilbara (S)",53220,54.6946216955333
847.279602268749,175.057769063791,"Esperance (S)",53290,133.043904488481
1234.13258110014,211.565585331453,"Exmouth (S)",53360,211.565585331453
2789.29635868861,741.86860178826,"Fremantle (C)",53430,187.896851107943
171.167744389502,76.0745530620008,"Gingin (S)",53570,76.0745530620008
1077.05053852527,null,"Gnowangerup (S)",53640,null
1879.32739861523,null,"Goomalling (S)",53710,null
277.316034867221,98.9256030812893,"Gosnells (C)",53780,70.5453071153456
1515.30796633796,358.820796117507,"Greater Geraldton (C)",53800,113.583561360938
1661.89111747851,257.879656160458,"Halls Creek (S)",53920,171.919770773639
244.621915245701,97.1292898769696,"Harvey (S)",53990,53.9607165983164
730.337078651685,null,"Irwin (S)",54060,null
null,null,"Jerramungup (S)",54130,null
1551.5743824634,434.915735076329,"Joondalup (C)",54170,110.603570558204
305.364231669664,115.359820852984,"Kalamunda (S)",54200,83.1269297322974
1116.7411160744,276.685112340823,"Kalgoorlie/Boulder (C)",54280,70.0046669777985
856.607477469439,214.15186936736,"Karratha (C)",54310,115.998929240653
1444.30844553244,146.8788249694,"Katanning (S)",54340,97.9192166462668
1408.45070422535,null,"Kellerberrin (S)",54410,null
null,null,"Kent (S)",54480,null
1313.13131313131,null,"Kojonup (S)",54550,null
2183.90804597701,null,"Kondinin (S)",54620,null
null,null,"Koorda (S)",54690,null
null,null,"Kulin (S)",54760,null
328.652524648939,98.8255843349958,"Kwinana (C)",54830,62.0532738847648
1248.04992199688,null,"Lake Grace (S)",54900,null
1409.61857379768,null,"Laverton (S)",54970,null
1111.83780248528,null,"Leonora (S)",55040,null
953.084335654498,257.90720030011,"Mandurah (C)",55110,87.9229091932194
1026.31291625723,109.182225133748,"Manjimup (S)",55180,54.5911125668741
2480.15873015873,992.063492063492,"Meekatharra (S)",55250,892.857142857143
3776.73141063371,1211.49695899549,"Melville (C)",55320,140.278595252109
767.754318618042,null,"Menzies (S)",55390,null
1231.6715542522,175.953079178886,"Merredin (S)",55460,null
null,null,"Mingenew (S)",55530,null
1277.82357790602,164.880461665293,"Moora (S)",55600,null
2148.99713467049,null,"Morawa (S)",55670,null
551.450314326679,231.609132017205,"Mosman Park (T)",55740,132.348075438403
1077.58620689655,null,"Mount Magnet (S)",55810,null
null,null,"Mount Marshall (S)",55880,null
null,null,"Mukinbudin (S)",55950,null
286.159585068602,89.424870333938,"Mundaring (S)",56090,58.7649147908735
null,null,"Murchison (S)",56160,null
345.550331388433,101.965671557242,"Murray (S)",56230,33.9885571857475
1467.35143066764,null,"Nannup (S)",56300,null
2389.486260454,null,"Narembeen (S)",56370,null
2500.0,317.460317460317,"Narrogin (S)",56460,238.095238095238
16184.7040403007,6476.80060852548,"Nedlands (C)",56580,226.35777978306
973.096737263881,null,"Ngaanyatjarraku (S)",56620,null
1501.34048257373,294.906166219839,"Northam (S)",56730,107.238605898123
1039.97400064998,null,"Northampton (S)",56790,null
null,null,"Nungarin (S)",56860,null
406.740267286461,406.740267286461,"Peppermint Grove (S)",56930,null
null,null,"Perenjori (S)",57000,null
10618.8314962899,3958.64851235502,"Perth (C)",57080,334.990274475902
1302.08333333333,null,"Pingelly (S)",57140,null
742.99866641265,190.512478567346,"Plantagenet (S)",57210,95.2562392836731
1315.52587646077,400.667779632721,"Port Hedland (T)",57280,140.233722871452
1290.9632571996,null,"Quairading (S)",57350,null
1001.25156445557,null,"Ravensthorpe (S)",57420,null
814.160088163192,248.896085884143,"Rockingham (C)",57490,87.7133796639903
null,null,"Sandstone (S)",57630,null
193.967607409563,77.587042963825,"Serpentine-Jarrahdale (S)",57700,51.7246953092167
422.832980972516,null,"Shark Bay (S)",57770,null
812.784130045461,181.384029021445,"South Perth (C)",57840,82.6560132249621
707.835222861398,200.227923849824,"Stirling (C)",57910,79.9095569105876
17461.6257814912,3494.760307963,"Subiaco (C)",57980,202.600901170142
922.845460935385,287.86381653915,"Swan (C)",58050,78.2594098277887
null,null,"Tammin (S)",58190,null
2368.86632825719,null,"Three Springs (S)",58260,null
135.531962954597,null,"Toodyay (S)",58330,null
4022.98850574713,null,"Trayning (S)",58400,null
null,null,"Upper Gascoyne (S)",58470,null
382.503210294801,101.09013414934,"Victoria Park (T)",58510,71.0363104833201
null,null,"Victoria Plains (S)",58540,null
326.978497007315,146.863223232099,"Vincent (C)",58570,74.8171137220128
932.017543859649,null,"Wagin (S)",58610,null
null,null,"Wandering (S)",58680,null
220.935884406345,111.940848099215,"Wanneroo (C)",58760,78.5549811222561
431.758215399376,119.932837610938,"Waroona (S)",58820,null
null,null,"West Arthur (S)",58890,null
null,null,"Westonia (S)",59030,null
null,null,"Wickepin (S)",59100,null
390.625,null,"Williams (S)",59170,null
991.501416430595,null,"Wiluna (S)",59250,null
1077.75211701309,null,"Wongan-Ballidu (S)",59310,null
null,null,"Woodanilling (S)",59320,null
2208.83534136546,null,"Wyalkatchem (S)",59330,null
1831.3516468498,382.6704933716,"Wyndham-East Kimberley (S)",59340,259.6692633593
null,null,"Yalgoo (S)",59350,null
1197.60479041916,null,"Yilgarn (S)",59360,null
918.964076858814,139.236981342244,"York (S)",59370,null
1059.05006418485,160.462130937099,"Break O'Day (M)",60210,112.323491655969
254.423499479588,57.8235226089973,"Brighton (M)",60410,52.0411703480976
3261.31899937978,847.632830266694,"Burnie (C)",60610,113.706843084557
497.626004382761,141.526661796932,"Central Coast (M)",60810,100.438276113952
233.208955223881,null,"Central Highlands (M)",61010,null
545.499628068435,99.1817505578973,"Circular Head (M)",61210,61.9885940986858
681.359206251646,196.681007990166,"Clarence (C)",61410,114.145227851436
894.071914480078,155.490767735666,"Derwent Valley (M)",61510,77.7453838678329
735.785953177258,169.191422388353,"Devonport (C)",61610,118.040527247688
826.819001803969,120.264582080577,"Dorset (M)",61810,60.1322910402886
2330.29381965552,null,"Flinders (M)",62010,null
649.25696147742,201.991054681864,"George Town (M)",62210,57.711729909104
507.950530035336,154.593639575972,"Glamorgan/Spring Bay (M)",62410,154.593639575972
449.24007053489,130.153665295155,"Glenorchy (C)",62610,81.8708539759845
6121.00439609567,1857.16414574175,"Hobart (C)",62810,320.393413307503
516.870898426157,203.263836459725,"Huon Valley (M)",63010,116.150763691271
395.319418089817,94.876660341556,"Kentish (M)",63210,null
1436.6021236727,null,"King Island (M)",63410,null
352.467270896274,156.357661525415,"Kingborough (M)",63610,108.655324110881
2471.53323329508,432.51831582664,"Latrobe (M)",63810,97.0959484508783
3077.88106569408,713.13140298596,"Launceston (C)",64010,139.364556924491
405.823568203723,45.6551514229189,"Meander Valley (M)",64210,30.4367676152793
466.165413533835,105.263157894737,"Northern Midlands (M)",64610,60.1503759398496
289.131291891181,137.994480220791,"Sorell (M)",64810,72.2828229727954
343.24942791762,null,"Southern Midlands (M)",65010,null
623.96006655574,null,"Tasman (M)",65210,null
362.31884057971,108.695652173913,"Waratah/Wynyard (M)",65410,57.9710144927536
767.938564914807,119.990400767939,"West Coast (M)",65610,95.9923206143508
437.54470108124,88.350372333712,"West Tamar (M)",65810,75.7288905717531
3621.76829727896,976.106127986734,"Alice Springs (T)",70200,207.281224089847
1488.09523809524,324.675324675325,"Barkly (R)",70420,135.281385281385
null,null,"Belyuen (S)",70540,null
2328.89733840304,380.228136882129,"Central Desert (R)",70620,285.171102661597
790.797987059669,359.453630481668,"Coomalie (S)",70700,null
2536.25329441102,827.296041979365,"Darwin (C)",71000,126.458109273989
1826.96955050749,415.65973900435,"East Arnhem (R)",71300,241.662638956017
1873.64654928914,508.426701817155,"Katherine (T)",72200,216.552113736936
386.748964762872,121.103211188374,"Litchfield (M)",72300,62.5048831939995
990.820340958764,131.137986303366,"MacDonnell (R)",72330,116.567098936325
324.86397971581,208.652474776821,"Palmerston (C)",72800,73.9527758702657
608.354738407462,81.113965120995,"Roper Gulf (R)",73600,81.113965120995
726.480203414457,254.26807119506,"Tiwi Islands (R)",74050,145.296040682891
null,null,"Victoria Daly (R)",74550,null
null,null,"Wagait (S)",74560,null
985.221674876847,173.862648507679,"West Arnhem (R)",74660,86.9313242538395
null,null,"West Daly (R)",74680,null
379.455210733162,null,"Unincorporated NT",79399,null
1322.69099201824,449.686431014823,"Unincorporated ACT",89399,104.285442797415
